MATCHID,ROUND,TEAM_ID,TEAM,LOCATION,POSS,PACE,O_RTG,D_RTG,NET_RTG,TS%,eFG%,TOV%,ORB%,DRB%,TRB%,AST_TOV_RATIO,FTr,MIN,MIN_SECS,PTS,FGM_2,FGA_2,FGM_3,FGA_3,FGM,FGA,FTM,FTA,ORB,DRB,TRB,AST,TOV,STL,BLK,BLKA,PF,PFD,PIR,PLUS_MINUS
2486258,1,981493,CLUB OURENSE BALONCESTO,AWAY,70.8,70.2,107.3,124.9,-17.6,52.9,50.8,11.1,34.5,74.1,53.6,1.4,31.7,200,12000.0,76.0,20.0,37.0,8.0,26.0,28.0,63.0,12.0,20.0,10.0,20.0,30.0,13.0,9.0,5.0,4.0,0.0,21.0,20.0,75.0,-55.0
2486258,1,979989,HLA ALICANTE,HOME,69.7,70.2,124.9,107.3,17.6,64.3,60.3,11.7,25.9,65.5,46.4,2.3,37.9,200,12000.0,87.0,20.0,37.0,10.0,21.0,30.0,58.0,17.0,22.0,7.0,19.0,26.0,21.0,9.0,7.0,0.0,4.0,21.0,21.0,99.0,55.0
2486259,1,981300,HESTIA MENORCA,HOME,69.9,70.0,138.8,109.7,29.1,74.8,69.8,17.7,37.5,74.2,58.2,1.5,50.9,200,12000.0,97.0,10.0,22.0,18.0,31.0,28.0,53.0,23.0,27.0,9.0,23.0,32.0,21.0,14.0,5.0,0.0,0.0,24.0,22.0,110.0,100.0
2486259,1,981421,MONBUS OBRADOIRO,AWAY,70.2,70.0,109.7,138.8,-29.1,56.5,49.1,12.8,25.8,62.5,41.8,1.6,54.5,200,12000.0,77.0,21.0,33.0,4.0,22.0,25.0,55.0,23.0,30.0,8.0,15.0,23.0,16.0,10.0,10.0,0.0,0.0,22.0,24.0,81.0,-100.0
2486260,1,981215,PALMER BASKET MALLORCA PALMA,HOME,69.0,71.3,100.1,106.2,-6.1,53.1,52.5,19.8,35.3,58.3,47.1,0.9,14.8,200,12000.0,69.0,14.0,26.0,12.0,35.0,26.0,61.0,5.0,9.0,12.0,21.0,33.0,14.0,16.0,3.0,6.0,2.0,17.0,14.0,67.0,-45.0
2486260,1,981343,SÚPER AGROPAL PALENCIA,AWAY,73.5,71.2,106.2,100.1,6.1,49.7,47.9,11.3,41.7,64.7,52.9,1.5,23.9,200,12000.0,78.0,22.0,43.0,8.0,28.0,30.0,71.0,10.0,17.0,15.0,22.0,37.0,15.0,10.0,11.0,2.0,6.0,14.0,17.0,88.0,45.0
2486261,1,979920,GRUPO URETA TIZONA BURGOS,HOME,79.6,82.2,133.2,107.3,25.9,69.2,66.4,13.5,34.6,79.3,58.2,1.9,21.4,200,12000.0,106.0,30.0,42.0,11.0,28.0,41.0,70.0,13.0,15.0,9.0,23.0,32.0,23.0,12.0,8.0,2.0,0.0,22.0,16.0,122.0,75.0
2486261,1,979769,MELILLA CIUDAD DEL DEPORTE,AWAY,84.8,82.2,107.3,133.2,-25.9,56.3,53.5,11.0,20.7,65.4,41.8,1.4,27.8,200,12000.0,91.0,31.0,52.0,5.0,20.0,36.0,72.0,14.0,20.0,6.0,17.0,23.0,14.0,10.0,6.0,0.0,2.0,17.0,22.0,87.0,-75.0
2486262,1,981203,INVEREADY GIPUZKOA,HOME,71.6,73.9,88.0,103.6,-15.6,45.3,34.7,11.5,24.1,66.7,45.8,1.6,40.7,200,12000.0,63.0,19.0,37.0,1.0,22.0,20.0,59.0,22.0,24.0,7.0,20.0,27.0,14.0,9.0,6.0,3.0,3.0,24.0,22.0,61.0,-80.0
2486262,1,980004,LEYMA CORUÑA,AWAY,76.2,73.9,103.6,88.0,15.6,53.2,46.9,13.9,33.3,75.9,54.2,0.9,32.3,200,12000.0,79.0,20.0,40.0,7.0,25.0,27.0,65.0,18.0,21.0,10.0,22.0,32.0,11.0,12.0,8.0,3.0,3.0,22.0,24.0,82.0,80.0
2486264,1,981214,FIBWI MALLORCA BASQUET PALMA,AWAY,77.2,78.5,90.7,90.1,0.6,47.2,44.1,13.9,23.7,59.3,38.5,1.2,20.6,200,12000.0,70.0,18.0,34.0,8.0,34.0,26.0,68.0,10.0,14.0,9.0,16.0,25.0,14.0,12.0,12.0,1.0,3.0,28.0,22.0,58.0,-10.0
2486264,1,981251,GRUPO CAESA SEGUROS FC CARTAGENA CB,HOME,79.9,78.5,90.1,90.7,-0.6,54.6,48.1,27.5,40.7,76.3,61.5,0.4,50.0,200,12000.0,72.0,20.0,36.0,4.0,18.0,24.0,54.0,20.0,27.0,11.0,29.0,40.0,9.0,25.0,4.0,3.0,1.0,22.0,28.0,72.0,10.0
2486265,1,981124,ALIMERKA OVIEDO BALONCESTO,HOME,81.0,81.6,107.4,122.8,-15.4,63.0,56.9,20.7,19.4,66.7,42.6,0.7,43.1,200,12000.0,87.0,18.0,29.0,10.0,29.0,28.0,58.0,21.0,25.0,6.0,20.0,26.0,12.0,18.0,7.0,0.0,0.0,22.0,23.0,81.0,-70.0
2486265,1,981431,MOVISTAR ESTUDIANTES,AWAY,82.2,81.7,122.8,107.4,15.4,62.9,60.6,13.0,33.3,80.6,57.4,1.6,29.6,200,12000.0,101.0,22.0,38.0,14.0,33.0,36.0,71.0,15.0,21.0,10.0,25.0,35.0,19.0,12.0,10.0,0.0,0.0,23.0,22.0,111.0,70.0
2486266,1,981125,CAJA RURAL CB ZAMORA,AWAY,78.7,78.5,122.0,91.9,30.1,64.2,63.8,14.8,36.0,73.0,58.1,1.2,18.8,200,12000.0,96.0,29.0,51.0,10.0,18.0,39.0,69.0,8.0,13.0,9.0,27.0,36.0,16.0,13.0,8.0,3.0,0.0,25.0,19.0,105.0,120.0
2486266,1,979907,GRUPO ALEGA CANTABRIA,HOME,78.3,78.5,91.9,122.0,-30.1,50.5,42.4,19.2,27.0,64.0,41.9,0.8,47.5,200,12000.0,72.0,10.0,29.0,10.0,30.0,20.0,59.0,22.0,28.0,10.0,16.0,26.0,14.0,17.0,9.0,0.0,3.0,20.0,25.0,64.0,-120.0
2486267,2,981214,FIBWI MALLORCA BASQUET PALMA,AWAY,68.0,70.7,104.4,95.3,9.1,57.2,53.6,19.5,37.5,34.2,35.5,1.0,29.1,200,12000.0,71.0,19.0,32.0,7.0,23.0,26.0,55.0,12.0,16.0,9.0,13.0,22.0,15.0,15.0,9.0,8.0,1.0,21.0,21.0,77.0,5.0
2486267,2,981300,HESTIA MENORCA,HOME,73.5,70.8,95.3,104.4,-9.1,43.5,39.0,18.3,65.8,62.5,64.5,0.9,23.3,200,12000.0,70.0,12.0,35.0,11.0,38.0,23.0,73.0,13.0,17.0,25.0,15.0,40.0,17.0,18.0,6.0,1.0,8.0,21.0,21.0,62.0,-5.0
2486268,2,981124,ALIMERKA OVIEDO BALONCESTO,AWAY,81.0,83.2,88.8,101.9,-13.1,47.3,47.1,14.6,21.6,66.7,45.6,0.8,23.2,200,12000.0,72.0,22.0,38.0,7.0,31.0,29.0,69.0,7.0,16.0,8.0,28.0,36.0,11.0,13.0,6.0,2.0,3.0,22.0,19.0,62.0,-75.0
2486268,2,980004,LEYMA CORUÑA,HOME,85.4,83.2,101.9,88.8,13.1,47.6,45.8,8.1,33.3,78.4,54.4,1.5,22.9,200,12000.0,87.0,23.0,46.0,10.0,37.0,33.0,83.0,11.0,19.0,14.0,29.0,43.0,12.0,8.0,12.0,3.0,2.0,19.0,21.0,93.0,75.0
2486269,2,979907,GRUPO ALEGA CANTABRIA,AWAY,77.9,78.2,111.7,104.4,7.3,64.1,55.4,23.6,40.7,71.4,58.1,0.5,48.2,200,12000.0,87.0,13.0,28.0,12.0,28.0,25.0,56.0,25.0,27.0,11.0,25.0,36.0,10.0,21.0,7.0,2.0,2.0,24.0,23.0,87.0,25.0
2486269,2,981421,MONBUS OBRADOIRO,HOME,78.6,78.2,104.4,111.7,-7.3,52.9,46.3,12.4,28.6,59.3,41.9,1.5,35.8,200,12000.0,82.0,25.0,47.0,4.0,20.0,29.0,67.0,20.0,24.0,10.0,16.0,26.0,17.0,11.0,12.0,2.0,2.0,25.0,24.0,85.0,-25.0
2486270,2,981203,INVEREADY GIPUZKOA,AWAY,79.8,81.0,110.2,113.1,-2.9,57.3,56.2,16.3,38.7,78.9,60.9,1.3,15.3,200,12000.0,88.0,21.0,38.0,13.0,34.0,34.0,72.0,7.0,11.0,12.0,30.0,42.0,19.0,15.0,4.0,5.0,2.0,30.0,17.0,88.0,-25.0
2486270,2,981431,MOVISTAR ESTUDIANTES,HOME,82.2,81.1,113.1,110.2,2.9,57.3,50.7,10.0,21.1,61.3,39.1,1.7,44.1,200,12000.0,93.0,21.0,41.0,9.0,27.0,30.0,68.0,24.0,30.0,8.0,19.0,27.0,15.0,9.0,6.0,2.0,5.0,17.0,30.0,103.0,25.0
2486271,2,981525,FLEXICAR FUENLABRADA,HOME,79.4,80.6,103.3,89.2,14.1,59.1,54.9,14.7,7.1,68.2,44.4,1.8,31.1,200,12000.0,82.0,23.0,36.0,7.0,25.0,30.0,61.0,15.0,19.0,2.0,30.0,32.0,21.0,12.0,10.0,0.0,0.0,19.0,20.0,99.0,45.0
2486271,2,979769,MELILLA CIUDAD DEL DEPORTE,AWAY,81.8,80.5,89.2,103.3,-14.1,47.5,44.4,19.8,31.8,92.9,55.6,0.9,15.3,200,12000.0,73.0,17.0,43.0,10.0,29.0,27.0,72.0,9.0,11.0,14.0,26.0,40.0,18.0,19.0,7.0,0.0,0.0,21.0,18.0,69.0,-45.0
2486272,2,981493,CLUB OURENSE BALONCESTO,HOME,74.8,73.1,109.6,96.4,13.2,50.1,47.3,10.9,45.9,67.6,56.3,2.0,27.4,200,12000.0,82.0,18.0,45.0,11.0,28.0,29.0,73.0,13.0,20.0,17.0,23.0,40.0,20.0,10.0,4.0,4.0,5.0,25.0,16.0,80.0,65.0
2486272,2,981215,PALMER BASKET MALLORCA PALMA,AWAY,71.6,73.2,96.4,109.6,-13.2,48.2,42.6,13.3,32.4,54.1,43.7,1.6,39.3,200,12000.0,69.0,14.0,34.0,8.0,27.0,22.0,61.0,17.0,24.0,11.0,20.0,31.0,18.0,11.0,5.0,5.0,4.0,16.0,25.0,80.0,-65.0
2486273,2,981251,GRUPO CAESA SEGUROS FC CARTAGENA CB,AWAY,75.6,75.4,96.6,119.6,-23.0,56.5,49.1,19.9,20.0,60.6,43.1,0.5,44.4,200,12000.0,73.0,19.0,34.0,5.0,20.0,24.0,54.0,20.0,24.0,5.0,20.0,25.0,8.0,16.0,4.0,3.0,2.0,20.0,23.0,66.0,-85.0
2486273,2,981343,SÚPER AGROPAL PALENCIA,HOME,75.2,75.4,119.6,96.6,23.0,55.4,53.5,7.9,39.4,80.0,56.9,2.1,29.2,200,12000.0,90.0,22.0,43.0,11.0,29.0,33.0,72.0,13.0,21.0,13.0,20.0,33.0,15.0,7.0,11.0,2.0,3.0,23.0,20.0,94.0,85.0
2486274,2,981125,CAJA RURAL CB ZAMORA,HOME,88.0,87.2,114.7,109.9,4.8,65.6,60.2,19.8,26.7,67.7,47.5,0.7,69.5,200,12000.0,101.0,19.0,36.0,11.0,23.0,30.0,59.0,30.0,41.0,8.0,21.0,29.0,14.0,19.0,10.0,3.0,0.0,24.0,29.0,103.0,30.0
2486274,2,979920,GRUPO URETA TIZONA BURGOS,AWAY,86.4,87.3,109.9,114.7,-4.8,57.6,52.1,14.5,32.3,73.3,52.5,1.0,36.6,200,12000.0,95.0,31.0,45.0,4.0,26.0,35.0,71.0,21.0,26.0,10.0,22.0,32.0,14.0,14.0,12.0,0.0,3.0,29.0,24.0,93.0,-30.0
2486276,3,981214,FIBWI MALLORCA BASQUET PALMA,AWAY,80.0,78.6,92.5,104.9,-12.4,52.1,50.0,18.4,22.6,69.2,43.9,1.2,41.7,200,12000.0,74.0,18.0,27.0,8.0,33.0,26.0,60.0,14.0,25.0,7.0,18.0,25.0,20.0,16.0,13.0,2.0,2.0,21.0,23.0,75.0,-35.0
2486276,3,979989,HLA ALICANTE,HOME,77.2,78.7,104.9,92.5,12.4,59.3,51.7,19.9,30.8,77.4,56.1,1.0,35.6,200,12000.0,81.0,17.0,28.0,9.0,31.0,26.0,59.0,20.0,21.0,8.0,24.0,32.0,17.0,17.0,10.0,2.0,2.0,23.0,19.0,87.0,35.0
2486277,3,981300,HESTIA MENORCA,HOME,77.7,79.7,103.0,124.8,-21.8,55.8,49.2,17.3,29.0,71.4,49.2,0.9,35.5,200,12000.0,80.0,17.0,33.0,9.0,29.0,26.0,62.0,19.0,22.0,9.0,20.0,29.0,13.0,15.0,4.0,1.0,0.0,27.0,22.0,68.0,-110.0
2486277,3,980004,LEYMA CORUÑA,AWAY,81.8,79.8,124.8,103.0,21.8,64.8,60.6,12.3,28.6,71.0,50.8,1.6,43.9,200,12000.0,102.0,25.0,43.0,10.0,23.0,35.0,66.0,22.0,29.0,8.0,22.0,30.0,18.0,11.0,8.0,0.0,1.0,22.0,27.0,114.0,110.0
2486279,3,981525,FLEXICAR FUENLABRADA,AWAY,78.6,79.7,118.3,110.1,8.2,60.7,54.0,10.5,23.3,80.6,54.5,1.1,49.2,200,12000.0,93.0,25.0,44.0,6.0,19.0,31.0,63.0,25.0,31.0,7.0,29.0,36.0,10.0,9.0,6.0,0.0,2.0,29.0,25.0,94.0,20.0
2486279,3,979920,GRUPO URETA TIZONA BURGOS,HOME,80.8,79.7,110.1,118.3,-8.2,55.0,46.9,8.0,19.4,76.7,45.5,1.3,55.4,200,12000.0,89.0,14.0,26.0,11.0,39.0,25.0,65.0,28.0,36.0,7.0,23.0,30.0,9.0,7.0,4.0,2.0,0.0,26.0,29.0,82.0,-20.0
2486280,3,981203,INVEREADY GIPUZKOA,HOME,76.1,68.5,124.8,122.9,1.9,61.6,57.5,13.5,43.3,65.7,55.4,1.2,34.3,225,13500.0,95.0,22.0,38.0,11.0,29.0,33.0,67.0,18.0,23.0,13.0,23.0,36.0,14.0,12.0,4.0,1.0,3.0,22.0,23.0,100.0,-5.0
2486280,3,981421,MONBUS OBRADOIRO,AWAY,78.1,68.6,122.9,124.8,-1.9,55.7,51.3,4.4,34.3,56.7,44.6,3.2,30.3,225,13500.0,96.0,18.0,42.0,14.0,34.0,32.0,76.0,18.0,23.0,12.0,17.0,29.0,13.0,4.0,7.0,3.0,1.0,23.0,22.0,94.0,5.0
2486281,3,981124,ALIMERKA OVIEDO BALONCESTO,AWAY,83.7,82.6,93.2,100.5,-7.3,47.7,45.1,18.1,36.4,83.9,56.0,0.9,30.6,200,12000.0,78.0,19.0,38.0,9.0,34.0,28.0,72.0,13.0,22.0,16.0,26.0,42.0,17.0,18.0,5.0,2.0,3.0,24.0,23.0,72.0,-20.0
2486281,3,981251,GRUPO CAESA SEGUROS FC CARTAGENA CB,HOME,81.6,82.6,100.5,93.2,7.3,58.1,55.0,18.5,16.1,63.6,44.0,1.1,40.0,200,12000.0,82.0,21.0,40.0,8.0,20.0,29.0,60.0,16.0,24.0,5.0,28.0,33.0,17.0,16.0,8.0,3.0,2.0,24.0,24.0,88.0,20.0
2486282,3,979907,GRUPO ALEGA CANTABRIA,HOME,74.8,74.5,77.5,144.4,-66.9,44.1,42.1,21.5,25.0,60.7,40.6,0.4,35.1,200,12000.0,58.0,12.0,31.0,8.0,26.0,20.0,57.0,10.0,20.0,9.0,17.0,26.0,7.0,18.0,3.0,0.0,1.0,20.0,22.0,31.0,-245.0
2486282,3,981343,SÚPER AGROPAL PALENCIA,AWAY,74.1,74.4,144.4,77.5,66.9,67.6,63.0,7.0,39.3,75.0,59.4,3.5,33.3,200,12000.0,107.0,27.0,44.0,11.0,25.0,38.0,69.0,20.0,23.0,11.0,27.0,38.0,21.0,6.0,10.0,1.0,0.0,22.0,19.0,134.0,245.0
2486283,3,981125,CAJA RURAL CB ZAMORA,HOME,83.7,79.8,100.4,123.9,-23.5,49.0,42.8,13.2,41.7,59.4,50.0,0.5,28.9,200,12000.0,84.0,22.0,48.0,7.0,28.0,29.0,76.0,19.0,22.0,15.0,19.0,34.0,7.0,13.0,4.0,3.0,2.0,22.0,24.0,71.0,-50.0
2486283,3,981493,CLUB OURENSE BALONCESTO,AWAY,75.9,79.7,123.9,100.4,23.5,58.8,54.4,10.1,40.6,58.3,50.0,1.0,39.7,200,12000.0,94.0,25.0,44.0,8.0,24.0,33.0,68.0,20.0,27.0,13.0,21.0,34.0,9.0,9.0,8.0,2.0,3.0,24.0,22.0,94.0,50.0
2486284,3,979769,MELILLA CIUDAD DEL DEPORTE,HOME,74.7,75.6,93.7,107.2,-13.5,51.7,46.6,20.1,31.2,71.0,50.8,0.9,37.9,200,12000.0,70.0,12.0,33.0,10.0,25.0,22.0,58.0,16.0,22.0,10.0,22.0,32.0,15.0,17.0,9.0,1.0,3.0,23.0,19.0,64.0,-60.0
2486284,3,981431,MOVISTAR ESTUDIANTES,AWAY,76.5,75.6,107.2,93.7,13.5,57.4,55.5,16.4,29.0,68.8,49.2,0.9,26.6,200,12000.0,82.0,25.0,37.0,7.0,27.0,32.0,64.0,11.0,17.0,9.0,22.0,31.0,12.0,14.0,9.0,3.0,1.0,19.0,22.0,88.0,60.0
2486285,4,981125,CAJA RURAL CB ZAMORA,AWAY,72.9,72.6,113.8,121.7,-7.9,68.1,67.9,27.4,55.0,61.8,59.3,0.7,34.0,200,12000.0,83.0,27.0,40.0,6.0,13.0,33.0,53.0,11.0,18.0,11.0,21.0,32.0,15.0,23.0,4.0,1.0,3.0,18.0,20.0,87.0,-25.0
2486285,4,981214,FIBWI MALLORCA BASQUET PALMA,HOME,72.3,72.6,121.7,113.8,7.9,57.7,54.9,10.6,38.2,45.0,40.7,2.2,16.9,200,12000.0,88.0,21.0,40.0,12.0,31.0,33.0,71.0,10.0,12.0,13.0,9.0,22.0,20.0,9.0,14.0,3.0,1.0,20.0,18.0,96.0,25.0
2486286,4,980004,LEYMA CORUÑA,HOME,74.6,71.4,122.0,110.1,11.9,55.1,53.5,8.8,45.7,65.8,56.2,2.5,33.3,200,12000.0,91.0,22.0,41.0,11.0,31.0,33.0,72.0,14.0,24.0,16.0,25.0,41.0,20.0,8.0,4.0,1.0,1.0,22.0,20.0,98.0,80.0
2486286,4,981215,PALMER BASKET MALLORCA PALMA,AWAY,68.1,71.3,110.1,122.0,-11.9,51.3,46.8,9.9,34.2,54.3,43.8,1.2,36.5,200,12000.0,75.0,16.0,29.0,9.0,34.0,25.0,63.0,16.0,23.0,13.0,19.0,32.0,10.0,8.0,5.0,1.0,1.0,20.0,22.0,72.0,-80.0
2486287,4,979769,MELILLA CIUDAD DEL DEPORTE,AWAY,75.5,75.8,78.2,103.6,-25.4,43.7,37.5,22.0,30.6,74.3,52.1,0.6,28.3,200,12000.0,59.0,12.0,24.0,7.0,36.0,19.0,60.0,14.0,17.0,11.0,26.0,37.0,11.0,19.0,3.0,1.0,1.0,21.0,23.0,50.0,-100.0
2486287,4,981421,MONBUS OBRADOIRO,HOME,76.3,75.9,103.6,78.2,25.4,53.9,52.2,14.1,25.7,69.4,47.9,1.8,17.6,200,12000.0,79.0,19.0,33.0,11.0,35.0,30.0,68.0,8.0,12.0,9.0,25.0,34.0,21.0,12.0,12.0,1.0,1.0,23.0,21.0,91.0,100.0
2486288,4,981251,GRUPO CAESA SEGUROS FC CARTAGENA CB,AWAY,74.2,72.5,93.0,105.8,-12.8,49.2,46.1,13.6,19.4,77.8,48.6,1.0,21.9,200,12000.0,69.0,19.0,40.0,7.0,24.0,26.0,64.0,10.0,14.0,7.0,28.0,35.0,11.0,11.0,4.0,1.0,2.0,23.0,19.0,63.0,-30.0
2486288,4,981203,INVEREADY GIPUZKOA,HOME,70.9,72.6,105.8,93.0,12.8,52.2,45.0,8.9,22.2,80.6,51.4,1.9,45.0,200,12000.0,75.0,15.0,36.0,8.0,24.0,23.0,60.0,21.0,27.0,8.0,29.0,37.0,13.0,7.0,6.0,2.0,1.0,19.0,23.0,87.0,30.0
2486289,4,979989,HLA ALICANTE,AWAY,67.1,68.8,122.2,124.9,-2.7,62.0,56.2,12.0,30.8,68.8,51.7,0.7,41.1,200,12000.0,82.0,18.0,32.0,9.0,24.0,27.0,56.0,19.0,23.0,8.0,22.0,30.0,6.0,9.0,3.0,0.0,2.0,24.0,23.0,78.0,-30.0
2486289,4,981431,MOVISTAR ESTUDIANTES,HOME,70.4,68.8,124.9,122.2,2.7,59.9,53.2,8.7,31.2,69.2,48.3,1.1,41.9,200,12000.0,88.0,18.0,35.0,10.0,27.0,28.0,62.0,22.0,26.0,10.0,18.0,28.0,8.0,7.0,4.0,2.0,0.0,24.0,23.0,84.0,30.0
2486290,4,981525,FLEXICAR FUENLABRADA,HOME,73.4,76.4,122.7,94.4,28.3,64.0,60.5,10.2,17.2,76.0,44.4,2.1,30.6,200,12000.0,90.0,18.0,34.0,13.0,28.0,31.0,62.0,15.0,19.0,5.0,19.0,24.0,17.0,8.0,13.0,1.0,0.0,22.0,23.0,103.0,75.0
2486290,4,979907,GRUPO ALEGA CANTABRIA,AWAY,79.5,76.4,94.4,122.7,-28.3,57.3,54.3,23.4,24.0,82.8,55.6,0.9,29.3,200,12000.0,75.0,18.0,26.0,9.0,32.0,27.0,58.0,12.0,17.0,6.0,24.0,30.0,19.0,20.0,5.0,0.0,1.0,24.0,22.0,71.0,-75.0
2486292,4,981124,ALIMERKA OVIEDO BALONCESTO,HOME,82.9,80.3,112.2,103.0,9.2,69.5,70.0,22.1,14.3,61.1,43.9,0.9,49.1,200,12000.0,93.0,19.0,30.0,13.0,25.0,32.0,55.0,16.0,27.0,3.0,22.0,25.0,18.0,19.0,7.0,3.0,0.0,22.0,23.0,94.0,65.0
2486292,4,979920,GRUPO URETA TIZONA BURGOS,AWAY,77.7,80.2,103.0,112.2,-9.2,52.9,49.2,17.5,38.9,85.7,56.1,0.8,33.3,200,12000.0,80.0,22.0,44.0,7.0,22.0,29.0,66.0,15.0,22.0,14.0,18.0,32.0,13.0,16.0,11.0,0.0,3.0,23.0,22.0,75.0,-65.0
2486293,4,981300,HESTIA MENORCA,AWAY,74.0,74.8,86.4,117.7,-31.3,41.0,35.9,8.2,27.5,84.0,49.2,1.1,22.5,200,12000.0,64.0,15.0,38.0,7.0,33.0,22.0,71.0,13.0,16.0,11.0,21.0,32.0,8.0,7.0,5.0,0.0,1.0,24.0,21.0,47.0,-125.0
2486293,4,981343,SÚPER AGROPAL PALENCIA,HOME,75.6,74.8,117.7,86.4,31.3,62.1,56.9,10.0,16.0,72.5,50.8,2.4,53.4,200,12000.0,89.0,15.0,27.0,12.0,31.0,27.0,58.0,23.0,31.0,4.0,29.0,33.0,19.0,8.0,2.0,1.0,0.0,21.0,24.0,100.0,125.0
2486294,5,981125,CAJA RURAL CB ZAMORA,AWAY,81.6,81.5,105.4,115.8,-10.4,60.1,59.2,17.3,16.7,64.7,42.2,1.0,23.1,200,12000.0,86.0,22.0,41.0,11.0,24.0,33.0,65.0,9.0,15.0,5.0,22.0,27.0,15.0,15.0,10.0,6.0,4.0,19.0,21.0,93.0,-40.0
2486294,5,979989,HLA ALICANTE,HOME,81.2,81.4,115.8,105.4,10.4,58.6,55.4,14.0,35.3,83.3,57.8,1.6,18.9,200,12000.0,94.0,23.0,44.0,12.0,30.0,35.0,74.0,12.0,14.0,12.0,25.0,37.0,21.0,13.0,8.0,4.0,6.0,21.0,19.0,108.0,40.0
2486295,5,981251,GRUPO CAESA SEGUROS FC CARTAGENA CB,AWAY,69.6,72.2,87.7,129.5,-41.8,55.9,52.3,28.7,28.0,47.2,39.3,0.3,54.5,200,12000.0,61.0,17.0,28.0,4.0,16.0,21.0,44.0,15.0,24.0,7.0,17.0,24.0,7.0,22.0,3.0,1.0,3.0,23.0,25.0,44.0,-180.0
2486295,5,981300,HESTIA MENORCA,HOME,74.9,72.2,129.5,87.7,41.8,59.2,55.0,12.8,52.8,72.0,60.7,1.7,38.6,200,12000.0,97.0,19.0,35.0,13.0,35.0,32.0,70.0,20.0,27.0,19.0,18.0,37.0,20.0,12.0,11.0,3.0,1.0,25.0,23.0,109.0,180.0
2486296,5,981124,ALIMERKA OVIEDO BALONCESTO,AWAY,74.6,74.8,104.6,76.0,28.6,55.2,51.6,18.5,44.4,76.9,63.6,1.5,23.4,200,12000.0,78.0,18.0,33.0,10.0,31.0,28.0,64.0,12.0,15.0,12.0,30.0,42.0,24.0,16.0,9.0,4.0,6.0,17.0,17.0,102.0,105.0
2486296,5,981215,PALMER BASKET MALLORCA PALMA,HOME,75.0,74.9,76.0,104.6,-28.6,41.3,37.9,17.8,23.1,55.6,36.4,0.7,25.8,200,12000.0,57.0,13.0,34.0,7.0,28.0,20.0,62.0,10.0,16.0,9.0,15.0,24.0,10.0,15.0,12.0,6.0,4.0,18.0,17.0,45.0,-105.0
2486297,5,979920,GRUPO URETA TIZONA BURGOS,HOME,80.1,78.8,102.3,125.3,-23.0,51.2,45.7,10.1,26.5,62.5,45.9,1.3,32.9,200,12000.0,82.0,20.0,38.0,8.0,32.0,28.0,70.0,18.0,23.0,9.0,25.0,34.0,12.0,9.0,6.0,1.0,1.0,28.0,24.0,75.0,-75.0
2486297,5,980004,LEYMA CORUÑA,AWAY,77.4,78.8,125.3,102.3,23.0,58.9,52.2,10.8,37.5,73.5,54.1,1.4,52.2,200,12000.0,97.0,23.0,45.0,8.0,22.0,31.0,67.0,27.0,35.0,15.0,25.0,40.0,14.0,10.0,7.0,1.0,1.0,25.0,27.0,107.0,75.0
2486298,5,981421,MONBUS OBRADOIRO,AWAY,75.4,74.2,104.8,106.7,-1.9,57.8,55.8,16.0,20.0,65.5,42.4,1.1,31.7,200,12000.0,79.0,17.0,36.0,11.0,24.0,28.0,60.0,12.0,19.0,6.0,19.0,25.0,14.0,13.0,7.0,3.0,4.0,25.0,21.0,72.0,5.0
2486298,5,981431,MOVISTAR ESTUDIANTES,HOME,73.1,74.2,106.7,104.8,1.9,58.1,50.9,19.2,34.5,80.0,57.6,1.0,40.4,200,12000.0,78.0,8.0,23.0,14.0,34.0,22.0,57.0,20.0,23.0,10.0,24.0,34.0,16.0,16.0,5.0,4.0,3.0,21.0,25.0,87.0,-5.0
2486299,5,981214,FIBWI MALLORCA BASQUET PALMA,AWAY,75.6,74.9,107.1,133.6,-26.5,57.3,55.9,15.5,25.8,71.4,44.2,1.5,8.8,200,12000.0,81.0,20.0,38.0,12.0,30.0,32.0,68.0,5.0,6.0,8.0,15.0,23.0,20.0,13.0,6.0,0.0,0.0,21.0,10.0,69.0,-90.0
2486299,5,981525,FLEXICAR FUENLABRADA,HOME,74.1,74.8,133.6,107.1,26.5,72.7,72.4,15.0,28.6,74.2,55.8,1.9,39.7,200,12000.0,99.0,21.0,32.0,14.0,26.0,35.0,58.0,15.0,23.0,6.0,23.0,29.0,23.0,12.0,7.0,0.0,0.0,10.0,20.0,125.0,90.0
2486300,5,981493,CLUB OURENSE BALONCESTO,AWAY,76.7,74.1,86.1,121.8,-35.7,43.6,37.1,13.7,32.4,81.2,56.1,0.7,33.3,200,12000.0,66.0,17.0,49.0,5.0,17.0,22.0,66.0,17.0,22.0,11.0,26.0,37.0,8.0,12.0,3.0,1.0,3.0,32.0,20.0,42.0,-105.0
2486300,5,979907,GRUPO ALEGA CANTABRIA,HOME,71.4,74.0,121.8,86.1,35.7,60.1,52.6,6.5,18.8,67.6,43.9,3.8,61.4,200,12000.0,87.0,18.0,36.0,8.0,21.0,26.0,57.0,27.0,35.0,6.0,23.0,29.0,19.0,5.0,5.0,3.0,1.0,22.0,31.0,108.0,105.0
2486301,5,979769,MELILLA CIUDAD DEL DEPORTE,HOME,71.9,73.8,111.3,98.9,12.4,64.6,57.0,23.5,34.6,60.7,52.4,0.9,54.0,200,12000.0,80.0,18.0,31.0,7.0,19.0,25.0,50.0,23.0,27.0,9.0,34.0,43.0,17.0,19.0,2.0,4.0,1.0,21.0,24.0,101.0,25.0
2486301,5,981343,SÚPER AGROPAL PALENCIA,AWAY,75.8,73.8,98.9,111.3,-12.4,40.4,40.5,5.1,39.3,65.4,47.6,2.8,23.8,200,12000.0,75.0,22.0,41.0,8.0,43.0,30.0,84.0,7.0,20.0,22.0,17.0,39.0,14.0,5.0,9.0,1.0,4.0,24.0,21.0,63.0,-25.0
2486304,6,979920,GRUPO URETA TIZONA BURGOS,HOME,73.0,72.9,111.0,100.1,10.9,51.3,49.3,14.1,52.8,66.7,59.4,1.2,12.0,200,12000.0,81.0,25.0,46.0,8.0,29.0,33.0,75.0,7.0,9.0,19.0,22.0,41.0,16.0,13.0,8.0,0.0,2.0,23.0,22.0,88.0,40.0
2486304,6,981203,INVEREADY GIPUZKOA,AWAY,72.9,72.9,100.1,111.0,-10.9,53.7,52.5,19.1,33.3,47.2,40.6,0.6,30.0,200,12000.0,73.0,24.0,41.0,5.0,19.0,29.0,60.0,10.0,18.0,11.0,17.0,28.0,9.0,16.0,10.0,2.0,0.0,22.0,21.0,66.0,-40.0
2486305,6,981525,FLEXICAR FUENLABRADA,AWAY,72.0,72.9,104.1,137.1,-33.0,60.4,59.1,21.5,25.9,56.2,42.4,1.4,29.1,200,12000.0,75.0,19.0,32.0,9.0,23.0,28.0,55.0,10.0,16.0,7.0,18.0,25.0,23.0,17.0,4.0,1.0,3.0,22.0,21.0,77.0,-130.0
2486305,6,980004,LEYMA CORUÑA,HOME,73.7,72.9,137.1,104.1,33.0,63.4,60.0,9.1,43.8,74.1,57.6,2.6,31.4,200,12000.0,101.0,21.0,32.0,14.0,38.0,35.0,70.0,17.0,22.0,14.0,20.0,34.0,21.0,8.0,11.0,3.0,1.0,21.0,21.0,122.0,130.0
2486306,6,981251,GRUPO CAESA SEGUROS FC CARTAGENA CB,HOME,75.8,76.2,89.7,124.2,-34.5,48.0,44.4,15.5,25.0,76.9,48.3,0.9,32.3,200,12000.0,68.0,14.0,35.0,9.0,27.0,23.0,62.0,13.0,20.0,8.0,20.0,28.0,12.0,13.0,4.0,3.0,8.0,24.0,23.0,55.0,-135.0
2486306,6,981431,MOVISTAR ESTUDIANTES,AWAY,76.5,76.2,124.2,89.7,34.5,65.5,59.5,12.1,23.1,75.0,51.7,1.7,56.9,200,12000.0,95.0,18.0,34.0,11.0,24.0,29.0,58.0,26.0,33.0,6.0,24.0,30.0,17.0,10.0,8.0,8.0,3.0,23.0,22.0,111.0,135.0
2486307,6,981493,CLUB OURENSE BALONCESTO,HOME,72.0,73.1,116.7,107.6,9.1,57.5,57.3,15.1,51.9,63.6,58.3,1.4,40.3,200,12000.0,84.0,25.0,45.0,7.0,17.0,32.0,62.0,13.0,25.0,14.0,21.0,35.0,18.0,13.0,6.0,5.0,1.0,23.0,23.0,93.0,20.0
2486307,6,981300,HESTIA MENORCA,AWAY,74.3,73.2,107.6,116.7,-9.1,53.8,47.6,13.9,36.4,48.1,41.7,1.0,45.2,200,12000.0,80.0,16.0,31.0,9.0,31.0,25.0,62.0,21.0,28.0,12.0,13.0,25.0,12.0,12.0,7.0,1.0,5.0,23.0,23.0,69.0,-20.0
2486308,6,981124,ALIMERKA OVIEDO BALONCESTO,HOME,72.4,74.5,103.6,103.1,0.5,51.1,44.6,15.1,38.9,76.7,56.1,0.8,29.2,200,12000.0,75.0,17.0,28.0,8.0,37.0,25.0,65.0,17.0,19.0,14.0,23.0,37.0,11.0,13.0,7.0,2.0,4.0,18.0,23.0,82.0,-20.0
2486308,6,981421,MONBUS OBRADOIRO,AWAY,76.6,74.4,103.1,103.6,-0.5,55.2,52.3,14.4,23.3,61.1,43.9,1.4,23.1,200,12000.0,79.0,22.0,40.0,8.0,25.0,30.0,65.0,11.0,15.0,7.0,22.0,29.0,17.0,12.0,8.0,4.0,2.0,24.0,17.0,79.0,20.0
2486309,6,979989,HLA ALICANTE,AWAY,69.0,69.8,114.4,83.7,30.7,56.4,50.8,15.7,41.2,64.9,53.5,1.1,25.4,200,12000.0,79.0,17.0,38.0,10.0,25.0,27.0,63.0,15.0,16.0,14.0,24.0,38.0,14.0,13.0,4.0,1.0,1.0,20.0,21.0,87.0,100.0
2486309,6,981343,SÚPER AGROPAL PALENCIA,HOME,70.5,69.8,83.7,114.4,-30.7,39.1,33.8,9.6,35.1,58.8,46.5,1.6,25.0,200,12000.0,59.0,17.0,42.0,4.0,26.0,21.0,68.0,13.0,17.0,13.0,20.0,33.0,13.0,8.0,5.0,1.0,1.0,21.0,19.0,50.0,-100.0
2486310,6,979907,GRUPO ALEGA CANTABRIA,HOME,70.7,70.3,107.5,103.2,4.3,53.0,49.2,8.9,22.9,63.3,41.5,1.6,19.7,200,12000.0,76.0,13.0,31.0,13.0,35.0,26.0,66.0,11.0,13.0,8.0,19.0,27.0,11.0,7.0,8.0,3.0,0.0,22.0,19.0,73.0,20.0
2486310,6,979769,MELILLA CIUDAD DEL DEPORTE,AWAY,69.8,70.3,103.2,107.5,-4.3,53.1,47.5,16.1,36.7,77.1,58.5,0.8,33.9,200,12000.0,72.0,19.0,38.0,6.0,21.0,25.0,59.0,16.0,20.0,11.0,27.0,38.0,11.0,13.0,3.0,0.0,3.0,20.0,21.0,74.0,-20.0
2486311,6,981125,CAJA RURAL CB ZAMORA,HOME,80.7,80.2,122.7,95.3,27.4,62.9,61.6,14.2,33.3,88.4,64.5,1.6,31.9,200,12000.0,99.0,29.0,55.0,9.0,14.0,38.0,69.0,14.0,22.0,11.0,38.0,49.0,21.0,13.0,4.0,2.0,2.0,17.0,18.0,124.0,115.0
2486311,6,981215,PALMER BASKET MALLORCA PALMA,AWAY,79.7,80.2,95.3,122.7,-27.4,50.2,47.9,10.6,11.6,66.7,35.5,1.1,18.6,200,12000.0,76.0,14.0,34.0,13.0,36.0,27.0,70.0,9.0,13.0,5.0,22.0,27.0,10.0,9.0,7.0,2.0,2.0,18.0,17.0,65.0,-115.0
2486312,7,981300,HESTIA MENORCA,AWAY,73.7,71.8,108.6,118.4,-9.8,55.0,49.2,13.1,34.5,65.6,50.8,1.5,34.9,200,12000.0,80.0,19.0,34.0,8.0,29.0,27.0,63.0,18.0,22.0,10.0,21.0,31.0,16.0,11.0,6.0,1.0,3.0,26.0,18.0,75.0,-15.0
2486312,7,981215,PALMER BASKET MALLORCA PALMA,HOME,70.1,71.9,118.4,108.6,9.8,59.2,54.5,13.6,34.4,65.5,49.2,1.5,57.1,200,12000.0,83.0,17.0,29.0,9.0,27.0,26.0,56.0,22.0,32.0,11.0,19.0,30.0,16.0,11.0,7.0,3.0,1.0,19.0,25.0,94.0,15.0
2486313,7,979920,GRUPO URETA TIZONA BURGOS,AWAY,77.2,76.2,88.1,123.5,-35.4,48.5,44.5,19.5,27.8,61.5,41.9,0.9,21.9,200,12000.0,68.0,15.0,35.0,9.0,29.0,24.0,64.0,11.0,14.0,10.0,16.0,26.0,15.0,17.0,8.0,1.0,4.0,24.0,20.0,54.0,-125.0
2486313,7,981421,MONBUS OBRADOIRO,HOME,75.3,76.2,123.5,88.1,35.4,64.3,60.0,15.2,38.5,72.2,58.1,1.2,46.7,200,12000.0,93.0,27.0,41.0,6.0,19.0,33.0,60.0,21.0,28.0,10.0,26.0,36.0,16.0,13.0,11.0,4.0,1.0,20.0,24.0,117.0,125.0
2486314,7,981214,FIBWI MALLORCA BASQUET PALMA,AWAY,71.1,70.6,99.9,92.6,7.3,54.5,48.0,18.7,33.3,59.5,49.3,0.3,62.7,200,12000.0,71.0,14.0,29.0,7.0,22.0,21.0,51.0,22.0,32.0,9.0,25.0,34.0,5.0,15.0,5.0,2.0,3.0,21.0,24.0,65.0,30.0
2486314,7,981203,INVEREADY GIPUZKOA,HOME,70.2,70.7,92.6,99.9,-7.3,42.7,36.5,12.6,40.5,66.7,50.7,1.2,47.6,200,12000.0,65.0,17.0,33.0,4.0,30.0,21.0,63.0,19.0,30.0,17.0,18.0,35.0,13.0,11.0,7.0,3.0,2.0,24.0,21.0,56.0,-30.0
2486315,7,980004,LEYMA CORUÑA,AWAY,79.9,81.5,115.2,104.6,10.6,55.5,50.7,6.8,23.1,77.5,50.6,3.0,38.0,200,12000.0,92.0,18.0,40.0,12.0,31.0,30.0,71.0,20.0,27.0,9.0,31.0,40.0,18.0,6.0,8.0,1.0,3.0,33.0,25.0,97.0,25.0
2486315,7,981431,MOVISTAR ESTUDIANTES,HOME,83.2,81.5,104.6,115.2,-10.6,53.6,49.3,11.9,22.5,76.9,49.4,1.1,44.1,200,12000.0,87.0,14.0,30.0,13.0,38.0,27.0,68.0,20.0,30.0,9.0,30.0,39.0,12.0,11.0,5.0,3.0,1.0,27.0,30.0,87.0,-25.0
2486316,7,981124,ALIMERKA OVIEDO BALONCESTO,AWAY,78.0,79.1,117.9,88.6,29.3,58.2,55.1,13.2,38.2,87.9,62.7,1.4,36.8,200,12000.0,92.0,18.0,33.0,13.0,35.0,31.0,68.0,17.0,25.0,13.0,29.0,42.0,17.0,12.0,5.0,1.0,2.0,22.0,22.0,100.0,105.0
2486316,7,981525,FLEXICAR FUENLABRADA,HOME,80.1,79.0,88.6,117.9,-29.3,50.6,45.0,16.6,12.1,61.8,37.3,0.9,38.3,200,12000.0,71.0,12.0,37.0,10.0,23.0,22.0,60.0,17.0,23.0,4.0,21.0,25.0,12.0,14.0,8.0,2.0,1.0,24.0,22.0,58.0,-105.0
2486317,7,981493,CLUB OURENSE BALONCESTO,HOME,71.4,73.5,127.4,86.0,41.4,58.0,55.2,9.3,37.5,70.0,51.4,1.8,38.8,200,12000.0,91.0,25.0,47.0,8.0,20.0,33.0,67.0,17.0,26.0,15.0,21.0,36.0,14.0,8.0,14.0,4.0,1.0,20.0,25.0,113.0,130.0
2486317,7,981251,GRUPO CAESA SEGUROS FC CARTAGENA CB,AWAY,75.6,73.5,86.0,127.4,-41.4,47.4,41.4,18.9,30.0,62.5,48.6,0.6,41.4,200,12000.0,65.0,15.0,33.0,6.0,25.0,21.0,58.0,17.0,24.0,9.0,25.0,34.0,10.0,16.0,0.0,1.0,4.0,25.0,20.0,45.0,-130.0
2486318,7,981125,CAJA RURAL CB ZAMORA,HOME,78.6,78.1,98.0,131.1,-33.1,54.6,48.3,20.3,30.3,66.7,49.3,0.6,40.0,200,12000.0,77.0,17.0,33.0,8.0,27.0,25.0,60.0,19.0,24.0,10.0,24.0,34.0,11.0,18.0,3.0,1.0,0.0,21.0,20.0,67.0,-125.0
2486318,7,981343,SÚPER AGROPAL PALENCIA,AWAY,77.8,78.2,131.1,98.0,33.1,62.3,61.0,8.9,33.3,69.7,50.7,2.0,27.4,200,12000.0,102.0,19.0,35.0,17.0,38.0,36.0,73.0,13.0,20.0,12.0,23.0,35.0,16.0,8.0,9.0,0.0,1.0,22.0,21.0,109.0,125.0
2486319,7,979989,HLA ALICANTE,AWAY,75.5,74.9,119.2,106.2,13.0,61.2,59.8,9.8,19.4,76.5,49.2,2.8,25.8,200,12000.0,90.0,23.0,41.0,11.0,25.0,34.0,66.0,11.0,17.0,6.0,26.0,32.0,22.0,8.0,8.0,1.0,1.0,20.0,19.0,106.0,55.0
2486319,7,979769,MELILLA CIUDAD DEL DEPORTE,HOME,74.4,75.0,106.2,119.2,-13.0,56.1,52.4,14.6,23.5,80.6,50.8,1.6,30.6,200,12000.0,79.0,22.0,34.0,7.0,28.0,29.0,62.0,14.0,19.0,8.0,25.0,33.0,19.0,12.0,5.0,1.0,1.0,19.0,20.0,88.0,-55.0
2486321,8,979989,HLA ALICANTE,HOME,81.1,79.4,134.4,94.0,40.4,71.6,67.7,15.5,36.0,83.8,64.5,1.9,51.6,200,12000.0,109.0,27.0,43.0,10.0,19.0,37.0,62.0,25.0,32.0,9.0,31.0,40.0,26.0,14.0,9.0,2.0,1.0,24.0,26.0,142.0,180.0
2486321,8,981215,PALMER BASKET MALLORCA PALMA,AWAY,77.6,79.4,94.0,134.4,-40.4,51.7,43.9,15.5,16.2,64.0,35.5,1.2,54.4,200,12000.0,73.0,13.0,28.0,8.0,29.0,21.0,57.0,23.0,31.0,6.0,16.0,22.0,16.0,13.0,8.0,1.0,2.0,27.0,23.0,59.0,-180.0
2486322,8,981493,CLUB OURENSE BALONCESTO,AWAY,75.0,75.2,101.3,110.0,-8.7,53.5,49.2,20.2,50.0,66.7,59.4,0.9,41.7,200,12000.0,76.0,22.0,37.0,5.0,23.0,27.0,60.0,17.0,25.0,14.0,24.0,38.0,16.0,18.0,9.0,4.0,2.0,21.0,23.0,86.0,-35.0
2486322,8,981214,FIBWI MALLORCA BASQUET PALMA,HOME,75.5,75.3,110.0,101.3,8.7,54.3,50.0,12.6,33.3,50.0,40.6,1.7,24.6,200,12000.0,83.0,21.0,37.0,9.0,32.0,30.0,69.0,14.0,17.0,12.0,14.0,26.0,19.0,11.0,10.0,2.0,4.0,23.0,21.0,85.0,35.0
2486324,8,980004,LEYMA CORUÑA,HOME,82.9,81.0,121.9,112.3,9.6,65.7,61.5,17.2,35.7,63.9,51.6,1.1,41.5,200,12000.0,101.0,19.0,31.0,14.0,34.0,33.0,65.0,21.0,27.0,10.0,23.0,33.0,17.0,16.0,8.0,2.0,0.0,18.0,22.0,111.0,60.0
2486324,8,979769,MELILLA CIUDAD DEL DEPORTE,AWAY,79.3,81.1,112.3,121.9,-9.6,59.1,56.4,18.4,36.1,64.3,48.4,1.1,17.1,200,12000.0,89.0,17.0,34.0,15.0,36.0,32.0,70.0,10.0,12.0,13.0,18.0,31.0,18.0,17.0,9.0,0.0,2.0,23.0,17.0,84.0,-60.0
2486325,8,981125,CAJA RURAL CB ZAMORA,AWAY,75.1,77.1,114.5,103.6,10.9,63.2,52.8,18.1,33.3,67.7,52.7,0.5,59.3,200,12000.0,86.0,15.0,33.0,9.0,21.0,24.0,54.0,29.0,32.0,8.0,21.0,29.0,7.0,15.0,3.0,2.0,3.0,19.0,25.0,85.0,20.0
2486325,8,981203,INVEREADY GIPUZKOA,HOME,79.2,77.1,103.6,114.5,-10.9,53.8,53.6,14.6,32.3,66.7,47.3,0.9,20.0,200,12000.0,82.0,15.0,23.0,15.0,47.0,30.0,70.0,7.0,14.0,10.0,16.0,26.0,12.0,13.0,10.0,3.0,2.0,26.0,18.0,65.0,-20.0
2486326,8,981525,FLEXICAR FUENLABRADA,AWAY,80.4,81.8,94.6,118.9,-24.3,48.5,48.6,10.3,16.3,65.7,38.5,1.8,27.1,200,12000.0,76.0,22.0,42.0,8.0,28.0,30.0,70.0,8.0,19.0,7.0,23.0,30.0,16.0,9.0,7.0,1.0,5.0,22.0,21.0,69.0,-115.0
2486326,8,981431,MOVISTAR ESTUDIANTES,HOME,83.2,81.8,118.9,94.6,24.3,61.7,59.9,15.7,34.3,83.7,61.5,1.0,29.6,200,12000.0,99.0,20.0,37.0,15.0,34.0,35.0,71.0,14.0,21.0,12.0,36.0,48.0,15.0,15.0,5.0,5.0,1.0,21.0,22.0,115.0,115.0
2486327,8,981251,GRUPO CAESA SEGUROS FC CARTAGENA CB,HOME,75.9,79.3,89.6,113.6,-24.0,51.6,46.6,22.4,28.1,73.1,48.3,0.9,31.0,200,12000.0,68.0,15.0,27.0,8.0,31.0,23.0,58.0,14.0,18.0,9.0,19.0,28.0,18.0,19.0,9.0,3.0,1.0,26.0,20.0,62.0,-130.0
2486327,8,981421,MONBUS OBRADOIRO,AWAY,82.8,79.3,113.6,89.6,24.0,61.2,56.2,14.5,26.9,71.9,51.7,1.5,45.3,200,12000.0,94.0,21.0,38.0,10.0,26.0,31.0,64.0,22.0,29.0,7.0,23.0,30.0,20.0,13.0,10.0,1.0,3.0,20.0,25.0,107.0,130.0
2486328,8,981124,ALIMERKA OVIEDO BALONCESTO,AWAY,76.7,74.9,104.3,120.6,-16.3,50.2,46.4,13.1,44.1,68.0,54.2,0.8,31.4,200,12000.0,80.0,22.0,42.0,7.0,28.0,29.0,70.0,15.0,22.0,15.0,17.0,32.0,10.0,12.0,7.0,3.0,2.0,15.0,18.0,75.0,-40.0
2486328,8,981343,SÚPER AGROPAL PALENCIA,HOME,73.0,74.8,120.6,104.3,16.3,63.8,62.3,14.8,32.0,55.9,45.8,1.1,13.8,200,12000.0,88.0,27.0,45.0,9.0,20.0,36.0,65.0,7.0,9.0,8.0,19.0,27.0,13.0,12.0,7.0,2.0,3.0,18.0,15.0,91.0,40.0
2486329,8,979907,GRUPO ALEGA CANTABRIA,HOME,76.8,77.1,109.4,117.7,-8.3,61.9,59.3,17.1,18.5,55.3,40.0,1.0,33.9,200,12000.0,84.0,17.0,33.0,12.0,26.0,29.0,59.0,14.0,20.0,5.0,21.0,26.0,14.0,14.0,5.0,5.0,0.0,23.0,21.0,82.0,-35.0
2486329,8,979920,GRUPO URETA TIZONA BURGOS,AWAY,77.3,77.0,117.7,109.4,8.3,54.6,48.6,11.7,44.7,81.5,60.0,0.9,39.4,200,12000.0,91.0,21.0,46.0,9.0,25.0,30.0,71.0,22.0,28.0,17.0,22.0,39.0,10.0,11.0,5.0,0.0,5.0,21.0,23.0,89.0,35.0
2486330,9,979907,GRUPO ALEGA CANTABRIA,AWAY,80.0,80.2,112.4,125.5,-13.1,66.1,59.0,22.7,33.3,67.6,54.1,1.1,82.0,200,12000.0,90.0,10.0,26.0,13.0,24.0,23.0,50.0,31.0,41.0,8.0,25.0,33.0,23.0,20.0,5.0,2.0,3.0,28.0,26.0,94.0,-55.0
2486330,9,979989,HLA ALICANTE,HOME,80.5,80.3,125.5,112.4,13.1,59.1,49.3,7.6,32.4,66.7,45.9,3.4,62.7,200,12000.0,101.0,15.0,41.0,12.0,26.0,27.0,67.0,35.0,42.0,12.0,16.0,28.0,24.0,7.0,8.0,3.0,2.0,27.0,27.0,110.0,55.0
2486331,9,981493,CLUB OURENSE BALONCESTO,AWAY,75.6,76.2,131.0,100.3,30.7,63.0,58.8,12.3,42.4,72.0,55.2,0.5,86.0,200,12000.0,99.0,26.0,40.0,5.0,17.0,31.0,57.0,32.0,49.0,14.0,18.0,32.0,6.0,11.0,11.0,2.0,2.0,23.0,33.0,106.0,110.0
2486331,9,979920,GRUPO URETA TIZONA BURGOS,HOME,76.8,76.1,100.3,131.0,-30.7,58.5,54.7,21.5,28.0,57.6,44.8,0.4,54.7,200,12000.0,77.0,11.0,26.0,12.0,27.0,23.0,53.0,19.0,29.0,7.0,19.0,26.0,8.0,18.0,7.0,2.0,2.0,36.0,23.0,49.0,-110.0
2486332,9,981214,FIBWI MALLORCA BASQUET PALMA,AWAY,75.7,74.9,117.6,133.7,-16.1,63.0,61.5,13.5,25.0,65.6,48.2,1.8,36.1,200,12000.0,89.0,21.0,31.0,11.0,30.0,32.0,61.0,14.0,22.0,6.0,21.0,27.0,20.0,11.0,6.0,0.0,3.0,21.0,20.0,93.0,-50.0
2486332,9,981421,MONBUS OBRADOIRO,HOME,74.0,74.9,133.7,117.6,16.1,66.0,64.7,11.8,34.4,75.0,51.8,2.5,23.5,200,12000.0,99.0,23.0,36.0,14.0,32.0,37.0,68.0,11.0,16.0,11.0,18.0,29.0,25.0,10.0,6.0,3.0,0.0,20.0,21.0,117.0,50.0
2486333,9,981525,FLEXICAR FUENLABRADA,HOME,72.0,71.5,97.2,122.5,-25.3,52.2,48.2,15.2,21.2,56.2,38.5,0.8,44.6,200,12000.0,70.0,15.0,31.0,8.0,25.0,23.0,56.0,16.0,25.0,7.0,18.0,25.0,9.0,12.0,9.0,1.0,4.0,23.0,21.0,58.0,-85.0
2486333,9,981203,INVEREADY GIPUZKOA,AWAY,71.0,71.5,122.5,97.2,25.3,60.4,56.6,15.3,43.8,78.8,61.5,1.0,41.0,200,12000.0,87.0,15.0,30.0,13.0,31.0,28.0,61.0,18.0,25.0,14.0,26.0,40.0,13.0,13.0,7.0,4.0,1.0,22.0,22.0,98.0,85.0
2486334,9,981124,ALIMERKA OVIEDO BALONCESTO,HOME,69.7,69.8,96.1,107.6,-11.5,49.5,46.0,17.1,34.3,85.7,57.1,1.1,21.0,200,12000.0,67.0,18.0,36.0,7.0,26.0,25.0,62.0,10.0,13.0,12.0,24.0,36.0,16.0,14.0,5.0,0.0,2.0,18.0,23.0,75.0,-40.0
2486334,9,981300,HESTIA MENORCA,AWAY,69.7,69.7,107.6,96.1,11.5,59.8,57.0,14.9,14.3,65.7,42.9,1.0,22.8,200,12000.0,75.0,19.0,31.0,9.0,26.0,28.0,57.0,10.0,13.0,4.0,23.0,27.0,11.0,11.0,7.0,2.0,0.0,23.0,18.0,74.0,40.0
2486335,9,981431,MOVISTAR ESTUDIANTES,AWAY,70.3,72.9,74.0,109.8,-35.8,37.5,34.4,11.5,19.0,69.2,38.2,1.2,18.8,200,12000.0,52.0,13.0,38.0,6.0,26.0,19.0,64.0,8.0,12.0,8.0,18.0,26.0,11.0,9.0,4.0,4.0,2.0,24.0,19.0,34.0,-155.0
2486335,9,981343,SÚPER AGROPAL PALENCIA,HOME,75.6,73.0,109.8,74.0,35.8,56.4,50.0,12.0,30.8,81.0,61.8,1.2,38.1,200,12000.0,83.0,18.0,37.0,9.0,26.0,27.0,63.0,20.0,24.0,8.0,34.0,42.0,12.0,10.0,6.0,2.0,4.0,20.0,23.0,98.0,155.0
2486336,9,981125,CAJA RURAL CB ZAMORA,HOME,75.7,75.5,118.9,94.2,24.7,59.4,54.2,7.3,18.2,69.4,44.9,2.2,64.4,200,12000.0,90.0,20.0,40.0,8.0,19.0,28.0,59.0,26.0,38.0,6.0,25.0,31.0,13.0,6.0,8.0,3.0,2.0,21.0,27.0,102.0,95.0
2486336,9,981251,GRUPO CAESA SEGUROS FC CARTAGENA CB,AWAY,75.4,75.6,94.2,118.9,-24.7,49.7,46.0,17.4,30.6,81.8,55.1,1.0,30.2,200,12000.0,71.0,17.0,34.0,8.0,29.0,25.0,63.0,13.0,19.0,11.0,27.0,38.0,15.0,15.0,5.0,2.0,3.0,27.0,21.0,66.0,-95.0
2486337,9,979769,MELILLA CIUDAD DEL DEPORTE,HOME,76.6,80.1,117.4,91.0,26.4,61.1,54.2,13.0,28.6,80.0,60.3,1.4,51.7,200,12000.0,90.0,19.0,38.0,9.0,22.0,28.0,60.0,25.0,31.0,8.0,36.0,44.0,15.0,11.0,4.0,3.0,0.0,26.0,25.0,106.0,70.0
2486337,9,981215,PALMER BASKET MALLORCA PALMA,AWAY,83.6,80.1,91.0,117.4,-26.4,45.5,41.1,9.7,20.0,71.4,39.7,1.1,32.9,200,12000.0,76.0,21.0,47.0,6.0,26.0,27.0,73.0,16.0,24.0,9.0,20.0,29.0,10.0,9.0,6.0,0.0,3.0,26.0,24.0,56.0,-70.0
2486339,10,981214,FIBWI MALLORCA BASQUET PALMA,HOME,74.7,73.9,116.5,117.5,-1.0,55.3,50.7,10.3,39.4,42.9,41.0,2.6,31.9,200,12000.0,87.0,23.0,47.0,8.0,22.0,31.0,69.0,17.0,22.0,13.0,12.0,25.0,23.0,9.0,7.0,1.0,4.0,22.0,21.0,90.0,5.0
2486339,10,979920,GRUPO URETA TIZONA BURGOS,AWAY,73.2,73.9,117.5,116.5,1.0,59.6,54.2,19.1,57.1,60.6,59.0,1.2,50.8,200,12000.0,86.0,11.0,28.0,14.0,31.0,25.0,59.0,22.0,30.0,16.0,20.0,36.0,20.0,17.0,5.0,4.0,1.0,21.0,22.0,93.0,-5.0
2486340,10,981125,CAJA RURAL CB ZAMORA,AWAY,77.0,77.9,96.1,111.6,-15.5,51.4,43.4,16.3,28.1,74.3,52.2,1.0,41.0,200,12000.0,74.0,22.0,48.0,3.0,13.0,25.0,61.0,21.0,25.0,9.0,26.0,35.0,14.0,14.0,4.0,1.0,2.0,25.0,24.0,73.0,-70.0
2486340,10,981300,HESTIA MENORCA,HOME,78.9,78.0,111.6,96.1,15.5,57.2,54.6,12.5,25.7,71.9,47.8,1.9,41.5,200,12000.0,88.0,16.0,29.0,13.0,36.0,29.0,65.0,17.0,27.0,9.0,23.0,32.0,21.0,11.0,11.0,2.0,1.0,24.0,25.0,98.0,70.0
2486341,10,981431,MOVISTAR ESTUDIANTES,AWAY,72.7,73.0,93.5,87.5,6.0,53.4,52.6,21.1,27.6,70.0,49.2,1.2,22.4,200,12000.0,68.0,20.0,33.0,7.0,25.0,27.0,58.0,7.0,13.0,8.0,21.0,29.0,20.0,17.0,11.0,2.0,4.0,24.0,19.0,71.0,20.0
2486341,10,981215,PALMER BASKET MALLORCA PALMA,HOME,73.1,73.0,87.5,93.5,-6.0,48.4,42.0,19.5,30.0,72.4,50.8,0.7,41.1,200,12000.0,64.0,13.0,31.0,7.0,25.0,20.0,56.0,17.0,23.0,9.0,21.0,30.0,11.0,16.0,7.0,4.0,2.0,19.0,22.0,61.0,-20.0
2486342,10,980004,LEYMA CORUÑA,HOME,76.9,75.9,106.7,100.2,6.5,57.0,50.0,13.3,19.4,87.9,54.7,1.3,45.0,200,12000.0,82.0,15.0,29.0,10.0,31.0,25.0,60.0,22.0,27.0,6.0,29.0,35.0,14.0,11.0,3.0,2.0,1.0,22.0,26.0,89.0,35.0
2486342,10,981343,SÚPER AGROPAL PALENCIA,AWAY,74.9,75.9,100.2,106.7,-6.5,51.5,45.1,7.6,12.1,80.6,45.3,1.5,44.3,200,12000.0,75.0,20.0,38.0,5.0,23.0,25.0,61.0,20.0,27.0,4.0,25.0,29.0,9.0,6.0,6.0,1.0,2.0,26.0,22.0,67.0,-35.0
2486343,10,981525,FLEXICAR FUENLABRADA,AWAY,80.6,81.3,85.6,118.3,-32.7,50.3,45.5,21.7,22.6,70.6,47.7,0.7,56.4,200,12000.0,69.0,10.0,25.0,10.0,30.0,20.0,55.0,19.0,31.0,7.0,24.0,31.0,13.0,19.0,5.0,3.0,0.0,24.0,22.0,53.0,-140.0
2486343,10,981421,MONBUS OBRADOIRO,HOME,82.0,81.3,118.3,85.6,32.7,63.0,56.8,16.3,29.4,77.4,52.3,1.2,37.9,200,12000.0,97.0,21.0,32.0,11.0,34.0,32.0,66.0,22.0,25.0,10.0,24.0,34.0,18.0,15.0,12.0,0.0,3.0,22.0,24.0,111.0,140.0
2486344,10,979989,HLA ALICANTE,AWAY,71.2,71.2,98.3,108.4,-10.1,50.6,42.0,11.5,21.9,66.7,45.6,0.9,53.6,200,12000.0,70.0,19.0,41.0,3.0,15.0,22.0,56.0,23.0,30.0,7.0,24.0,31.0,8.0,9.0,5.0,1.0,5.0,22.0,19.0,62.0,-35.0
2486344,10,981203,INVEREADY GIPUZKOA,HOME,71.0,71.2,108.4,98.3,10.1,52.0,47.0,10.8,33.3,78.1,54.4,2.0,23.9,200,12000.0,77.0,18.0,29.0,9.0,38.0,27.0,67.0,14.0,16.0,12.0,25.0,37.0,18.0,9.0,7.0,5.0,1.0,19.0,22.0,96.0,35.0
2486346,10,981493,CLUB OURENSE BALONCESTO,HOME,78.3,80.2,125.1,91.5,33.6,57.4,53.4,12.3,47.5,64.1,55.7,1.6,38.4,200,12000.0,98.0,21.0,41.0,12.0,32.0,33.0,73.0,20.0,28.0,19.0,25.0,44.0,19.0,12.0,11.0,3.0,1.0,25.0,26.0,116.0,115.0
2486346,10,979769,MELILLA CIUDAD DEL DEPORTE,AWAY,82.0,80.1,91.5,125.1,-33.6,49.3,42.3,20.8,35.9,52.5,44.3,0.8,38.5,200,12000.0,75.0,14.0,35.0,9.0,30.0,23.0,65.0,20.0,25.0,14.0,21.0,35.0,16.0,20.0,6.0,1.0,3.0,26.0,25.0,65.0,-115.0
2486347,10,981124,ALIMERKA OVIEDO BALONCESTO,HOME,80.1,81.0,121.1,96.4,24.7,66.3,62.7,12.0,12.5,69.4,46.7,2.0,36.5,200,12000.0,97.0,20.0,35.0,13.0,28.0,33.0,63.0,18.0,23.0,3.0,25.0,28.0,20.0,10.0,8.0,5.0,3.0,22.0,20.0,111.0,90.0
2486347,10,979907,GRUPO ALEGA CANTABRIA,AWAY,81.9,81.0,96.4,121.1,-24.7,50.7,48.6,16.1,30.6,87.5,53.3,0.9,25.7,200,12000.0,79.0,19.0,49.0,10.0,21.0,29.0,70.0,11.0,18.0,11.0,21.0,32.0,13.0,15.0,6.0,3.0,5.0,23.0,22.0,69.0,-90.0
2486348,11,981124,ALIMERKA OVIEDO BALONCESTO,AWAY,72.6,73.1,122.6,119.7,2.9,60.5,56.7,9.8,28.1,80.0,53.2,2.4,22.4,200,12000.0,89.0,20.0,34.0,12.0,33.0,32.0,67.0,13.0,15.0,9.0,24.0,33.0,19.0,8.0,5.0,1.0,2.0,16.0,18.0,104.0,5.0
2486348,11,979989,HLA ALICANTE,HOME,73.5,73.0,119.7,122.6,-2.9,64.2,62.3,13.8,20.0,71.9,46.8,1.6,12.3,200,12000.0,88.0,21.0,36.0,13.0,29.0,34.0,65.0,7.0,8.0,6.0,23.0,29.0,18.0,11.0,3.0,2.0,1.0,18.0,16.0,95.0,-5.0
2486349,11,981251,GRUPO CAESA SEGUROS FC CARTAGENA CB,AWAY,76.2,76.5,89.3,100.3,-11.0,51.4,49.2,20.4,21.2,67.9,42.6,0.6,23.3,200,12000.0,68.0,16.0,35.0,9.0,25.0,25.0,60.0,9.0,14.0,7.0,19.0,26.0,10.0,17.0,5.0,0.0,3.0,29.0,18.0,41.0,-45.0
2486349,11,981215,PALMER BASKET MALLORCA PALMA,HOME,76.8,76.5,100.3,89.3,11.0,56.0,50.9,19.8,32.1,78.8,57.4,1.0,51.8,200,12000.0,77.0,18.0,37.0,7.0,19.0,25.0,56.0,20.0,29.0,9.0,26.0,35.0,17.0,17.0,8.0,3.0,0.0,18.0,27.0,92.0,45.0
2486350,11,979920,GRUPO URETA TIZONA BURGOS,AWAY,74.0,74.9,114.9,134.4,-19.5,62.5,58.8,19.0,34.5,65.2,48.1,1.4,43.9,200,12000.0,85.0,14.0,31.0,13.0,26.0,27.0,57.0,18.0,25.0,10.0,15.0,25.0,22.0,16.0,8.0,1.0,5.0,23.0,23.0,88.0,-85.0
2486350,11,981431,MOVISTAR ESTUDIANTES,HOME,75.9,75.0,134.4,114.9,19.5,71.0,66.7,14.3,34.8,65.5,51.9,1.7,45.0,200,12000.0,102.0,22.0,34.0,12.0,26.0,34.0,60.0,22.0,27.0,8.0,19.0,27.0,20.0,12.0,11.0,5.0,1.0,23.0,23.0,122.0,85.0
2486351,11,981493,CLOUD.GAL OURENSE BALONCESTO,AWAY,79.5,76.7,89.3,105.4,-16.1,43.0,41.8,7.8,21.7,70.6,42.5,1.7,10.1,200,12000.0,71.0,21.0,48.0,8.0,31.0,29.0,79.0,5.0,8.0,10.0,24.0,34.0,12.0,7.0,7.0,1.0,5.0,22.0,18.0,61.0,-35.0
2486351,11,981525,FLEXICAR FUENLABRADA,HOME,74.0,76.7,105.4,89.3,16.1,54.2,49.2,14.3,29.4,78.3,57.5,1.8,41.0,200,12000.0,78.0,18.0,36.0,8.0,25.0,26.0,61.0,18.0,25.0,10.0,36.0,46.0,22.0,12.0,4.0,5.0,1.0,18.0,22.0,105.0,35.0
2486352,11,981203,INVEREADY GIPUZKOA,AWAY,69.5,71.2,109.4,88.0,21.4,54.7,49.2,16.8,46.7,62.5,56.4,0.9,27.4,200,12000.0,76.0,17.0,30.0,9.0,32.0,26.0,62.0,15.0,17.0,14.0,30.0,44.0,12.0,14.0,6.0,4.0,2.0,25.0,18.0,83.0,60.0
2486352,11,981343,SÚPER AGROPAL PALENCIA,HOME,72.8,71.1,88.0,109.4,-21.4,39.1,35.5,9.9,37.5,53.3,43.6,0.7,42.0,200,12000.0,64.0,17.0,49.0,5.0,20.0,22.0,69.0,15.0,29.0,18.0,16.0,34.0,6.0,9.0,7.0,2.0,4.0,19.0,25.0,49.0,-60.0
2486353,11,979907,GRUPO ALEGA CANTABRIA,HOME,70.2,70.7,118.2,112.6,5.6,66.7,64.2,16.2,19.0,74.2,51.9,1.7,39.6,200,12000.0,83.0,19.0,29.0,10.0,24.0,29.0,53.0,15.0,21.0,4.0,23.0,27.0,20.0,12.0,7.0,1.0,4.0,19.0,21.0,98.0,15.0
2486353,11,981300,HESTIA MENORCA,AWAY,71.0,70.6,112.6,118.2,-5.6,57.1,54.8,11.4,25.8,81.0,48.1,1.8,25.4,200,12000.0,80.0,18.0,36.0,11.0,27.0,29.0,63.0,11.0,16.0,8.0,17.0,25.0,16.0,9.0,5.0,4.0,1.0,21.0,18.0,79.0,-15.0
2486354,11,981125,CAJA RURAL CB ZAMORA,HOME,73.4,72.7,94.1,112.4,-18.3,53.6,47.3,21.9,31.0,55.3,44.8,0.6,33.9,200,12000.0,69.0,19.0,38.0,5.0,18.0,24.0,56.0,16.0,19.0,9.0,21.0,30.0,11.0,18.0,5.0,3.0,0.0,19.0,22.0,68.0,-60.0
2486354,11,980004,LEYMA CORUÑA,AWAY,72.0,72.7,112.4,94.1,18.3,51.2,47.2,11.2,44.7,69.0,55.2,1.8,22.2,200,12000.0,81.0,22.0,41.0,8.0,31.0,30.0,72.0,13.0,16.0,17.0,20.0,37.0,18.0,10.0,9.0,0.0,3.0,22.0,19.0,87.0,60.0
2486355,11,981214,FIBWI MALLORCA BASQUET PALMA,AWAY,80.4,79.8,98.2,91.0,7.2,51.7,50.8,19.9,50.0,72.2,62.1,0.5,40.0,200,12000.0,79.0,27.0,44.0,4.0,21.0,31.0,65.0,13.0,26.0,15.0,26.0,41.0,9.0,19.0,7.0,2.0,0.0,21.0,21.0,72.0,35.0
2486355,11,979769,MELILLA CIUDAD DEL DEPORTE,HOME,79.1,79.8,91.0,98.2,-7.2,48.6,45.3,16.8,27.8,50.0,37.9,1.0,35.9,200,12000.0,72.0,20.0,40.0,6.0,24.0,26.0,64.0,14.0,23.0,10.0,15.0,25.0,15.0,15.0,10.0,0.0,2.0,21.0,20.0,59.0,-35.0
2486357,12,981525,FLEXICAR FUENLABRADA,AWAY,75.9,75.7,113.3,120.4,-7.1,57.4,53.0,10.7,25.8,82.1,52.5,2.2,26.9,200,12000.0,86.0,19.0,36.0,11.0,31.0,30.0,67.0,15.0,18.0,8.0,23.0,31.0,20.0,9.0,7.0,1.0,2.0,21.0,22.0,97.0,-25.0
2486357,12,979989,HLA ALICANTE,HOME,75.6,75.7,120.4,113.3,7.1,65.4,58.5,13.7,17.9,74.2,47.5,2.1,40.7,200,12000.0,91.0,15.0,27.0,13.0,32.0,28.0,59.0,22.0,24.0,5.0,23.0,28.0,23.0,11.0,5.0,2.0,1.0,22.0,20.0,103.0,25.0
2486358,12,981214,FIBWI MALLORCA BASQUET PALMA,HOME,76.6,76.7,112.2,121.1,-8.9,66.5,61.8,18.8,14.3,55.9,40.0,1.1,60.8,200,12000.0,86.0,18.0,24.0,9.0,27.0,27.0,51.0,23.0,31.0,3.0,19.0,22.0,16.0,15.0,10.0,3.0,1.0,24.0,24.0,90.0,-35.0
2486358,12,981343,SÚPER AGROPAL PALENCIA,AWAY,76.8,76.7,121.1,112.2,8.9,59.8,57.2,15.3,44.1,85.7,60.0,1.3,29.0,200,12000.0,93.0,23.0,42.0,11.0,27.0,34.0,69.0,14.0,20.0,15.0,18.0,33.0,18.0,14.0,8.0,1.0,3.0,25.0,22.0,95.0,35.0
2486359,12,981300,HESTIA MENORCA,HOME,72.2,71.5,119.2,135.4,-16.2,58.8,56.7,9.9,27.3,57.7,40.7,2.2,20.9,200,12000.0,86.0,20.0,31.0,12.0,36.0,32.0,67.0,10.0,14.0,9.0,15.0,24.0,18.0,8.0,5.0,1.0,1.0,21.0,21.0,87.0,-50.0
2486359,12,981431,MOVISTAR ESTUDIANTES,AWAY,70.9,71.5,135.4,119.2,16.2,66.7,62.5,12.2,42.3,72.7,59.3,1.6,28.1,200,12000.0,96.0,31.0,45.0,6.0,19.0,37.0,64.0,16.0,18.0,11.0,24.0,35.0,16.0,10.0,6.0,1.0,1.0,21.0,21.0,115.0,50.0
2486360,12,979920,GRUPO URETA TIZONA BURGOS,HOME,78.9,76.6,120.4,79.3,41.1,62.6,61.8,16.5,38.7,61.9,52.1,1.1,26.5,200,12000.0,95.0,18.0,38.0,16.0,30.0,34.0,68.0,11.0,18.0,12.0,26.0,38.0,16.0,15.0,9.0,1.0,2.0,23.0,19.0,99.0,180.0
2486360,12,981215,PALMER BASKET MALLORCA PALMA,AWAY,74.4,76.6,79.3,120.4,-41.1,39.7,35.6,17.7,38.1,61.3,47.9,0.3,28.8,200,12000.0,59.0,13.0,37.0,7.0,29.0,20.0,66.0,12.0,19.0,16.0,19.0,35.0,5.0,16.0,5.0,2.0,1.0,21.0,22.0,38.0,-180.0
2486361,12,981493,CLUB OURENSE BALONCESTO,AWAY,75.7,76.8,101.7,120.9,-19.2,53.0,50.8,13.1,19.5,65.4,37.3,1.9,34.9,200,12000.0,77.0,20.0,36.0,8.0,27.0,28.0,63.0,13.0,22.0,8.0,17.0,25.0,21.0,11.0,6.0,2.0,2.0,28.0,21.0,69.0,-85.0
2486361,12,980004,LEYMA CORUÑA,HOME,77.8,76.7,120.9,101.7,19.2,62.0,58.7,12.7,34.6,80.5,62.7,2.1,46.0,200,12000.0,94.0,25.0,42.0,8.0,21.0,33.0,63.0,20.0,29.0,9.0,33.0,42.0,23.0,11.0,6.0,2.0,2.0,21.0,28.0,124.0,85.0
2486362,12,981125,CAJA RURAL CB ZAMORA,AWAY,78.1,79.9,102.4,129.8,-27.4,50.6,47.1,15.9,36.4,71.0,50.7,0.9,33.3,200,12000.0,80.0,16.0,44.0,11.0,25.0,27.0,69.0,15.0,23.0,16.0,22.0,38.0,14.0,15.0,3.0,0.0,4.0,21.0,20.0,69.0,-130.0
2486362,12,981421,MONBUS OBRADOIRO,HOME,81.7,79.9,129.8,102.4,27.4,62.6,58.7,6.6,29.0,63.6,49.3,4.3,29.3,200,12000.0,106.0,26.0,39.0,12.0,36.0,38.0,75.0,18.0,22.0,9.0,28.0,37.0,26.0,6.0,8.0,4.0,0.0,21.0,21.0,134.0,130.0
2486363,12,981203,INVEREADY GIPUZKOA,HOME,71.4,71.0,117.7,87.8,29.9,53.6,50.7,11.3,42.5,87.1,62.0,1.1,27.1,200,12000.0,84.0,22.0,37.0,9.0,33.0,31.0,70.0,13.0,19.0,17.0,27.0,44.0,11.0,10.0,5.0,2.0,2.0,24.0,21.0,88.0,110.0
2486363,12,979769,MELILLA CIUDAD DEL DEPORTE,AWAY,70.6,71.0,87.8,117.7,-29.9,49.5,39.8,16.1,12.9,57.5,38.0,1.1,63.3,200,12000.0,62.0,9.0,27.0,7.0,22.0,16.0,49.0,23.0,31.0,4.0,23.0,27.0,13.0,12.0,3.0,2.0,2.0,21.0,24.0,57.0,-110.0
2486364,12,979907,GRUPO ALEGA CANTABRIA,AWAY,75.5,75.8,98.0,89.1,8.9,54.8,50.8,15.1,12.1,84.8,48.5,1.2,28.3,200,12000.0,74.0,20.0,37.0,7.0,23.0,27.0,60.0,13.0,17.0,4.0,28.0,32.0,15.0,12.0,8.0,1.0,1.0,19.0,21.0,83.0,30.0
2486364,12,981251,GRUPO CAESA SEGUROS FC CARTAGENA CB,HOME,76.4,76.0,89.1,98.0,-8.9,49.7,47.5,16.0,15.2,87.9,51.5,0.9,31.7,200,12000.0,68.0,24.0,42.0,3.0,18.0,27.0,60.0,11.0,19.0,5.0,29.0,34.0,12.0,13.0,9.0,1.0,1.0,21.0,19.0,68.0,-30.0
2486366,13,981421,MONBUS OBRADOIRO,AWAY,79.1,77.9,145.4,58.7,86.7,76.6,73.0,15.7,40.0,75.0,60.7,1.8,52.5,200,12000.0,115.0,28.0,40.0,11.0,21.0,39.0,61.0,26.0,32.0,10.0,27.0,37.0,25.0,14.0,11.0,6.0,4.0,17.0,27.0,162.0,350.0
2486366,13,981215,PALMER BASKET MALLORCA PALMA,HOME,76.7,77.9,58.7,145.4,-86.7,35.9,30.7,26.8,25.0,60.0,39.3,0.4,22.8,200,12000.0,45.0,10.0,27.0,5.0,30.0,15.0,57.0,10.0,13.0,9.0,15.0,24.0,9.0,23.0,5.0,4.0,6.0,27.0,17.0,9.0,-350.0
2486367,13,979920,GRUPO URETA TIZONA BURGOS,HOME,75.3,76.3,95.6,109.8,-14.2,50.5,47.7,19.3,36.1,66.7,49.2,1.0,18.2,200,12000.0,72.0,21.0,35.0,7.0,31.0,28.0,66.0,9.0,12.0,13.0,18.0,31.0,17.0,17.0,9.0,3.0,1.0,21.0,19.0,72.0,-65.0
2486367,13,979989,HLA ALICANTE,AWAY,77.4,76.3,109.8,95.6,14.2,59.5,49.1,17.4,33.3,63.9,50.8,0.7,62.5,200,12000.0,85.0,17.0,34.0,7.0,22.0,24.0,56.0,30.0,35.0,9.0,23.0,32.0,10.0,15.0,10.0,1.0,3.0,19.0,19.0,86.0,65.0
2486368,13,981525,FLEXICAR FUENLABRADA,HOME,77.4,77.1,94.4,87.2,7.2,55.0,54.3,20.4,22.2,80.8,50.9,0.9,32.8,200,12000.0,73.0,24.0,35.0,5.0,23.0,29.0,58.0,10.0,19.0,6.0,21.0,27.0,16.0,17.0,11.0,1.0,2.0,17.0,17.0,73.0,30.0
2486368,13,981343,SÚPER AGROPAL PALENCIA,AWAY,76.8,77.1,87.2,94.4,-7.2,53.3,50.0,23.2,19.2,77.8,49.1,0.7,19.0,200,12000.0,67.0,17.0,28.0,8.0,30.0,25.0,58.0,9.0,11.0,5.0,21.0,26.0,13.0,19.0,9.0,2.0,1.0,18.0,17.0,62.0,-30.0
2486369,13,981251,GRUPO CAESA SEGUROS FC CARTAGENA CB,HOME,74.4,77.7,107.6,110.0,-2.4,50.4,45.8,11.2,36.6,51.4,43.4,1.7,26.8,200,12000.0,80.0,16.0,37.0,11.0,34.0,27.0,71.0,15.0,19.0,15.0,18.0,33.0,17.0,10.0,9.0,6.0,4.0,24.0,20.0,83.0,-45.0
2486369,13,980004,LEYMA CORUÑA,AWAY,80.9,77.6,110.0,107.6,2.4,54.3,49.3,16.3,48.6,63.4,56.6,1.2,38.6,200,12000.0,89.0,24.0,42.0,7.0,28.0,31.0,70.0,20.0,27.0,17.0,26.0,43.0,20.0,16.0,7.0,4.0,6.0,20.0,24.0,105.0,45.0
2486370,13,981493,CLUB OURENSE BALONCESTO,HOME,67.3,68.1,114.4,129.1,-14.7,53.2,46.7,8.8,37.5,57.7,46.6,1.6,46.7,200,12000.0,77.0,19.0,43.0,6.0,17.0,25.0,60.0,21.0,28.0,12.0,15.0,27.0,11.0,7.0,4.0,3.0,2.0,16.0,24.0,81.0,-60.0
2486370,13,981203,INVEREADY GIPUZKOA,AWAY,68.9,68.1,129.1,114.4,14.7,65.5,65.8,15.0,42.3,62.5,53.4,1.6,30.0,200,12000.0,89.0,23.0,38.0,11.0,22.0,34.0,60.0,10.0,18.0,11.0,20.0,31.0,19.0,12.0,4.0,2.0,3.0,25.0,16.0,90.0,60.0
2486371,13,981214,FIBWI MALLORCA BASQUET PALMA,AWAY,71.8,72.5,90.5,105.3,-14.8,50.9,50.8,14.7,10.0,75.0,41.4,1.5,18.6,200,12000.0,65.0,21.0,39.0,6.0,20.0,27.0,59.0,5.0,11.0,3.0,21.0,24.0,17.0,11.0,7.0,0.0,0.0,24.0,20.0,60.0,-60.0
2486371,13,979907,GRUPO ALEGA CANTABRIA,HOME,73.1,72.5,105.3,90.5,14.8,56.5,50.0,15.0,25.0,90.0,58.6,1.5,39.7,200,12000.0,77.0,14.0,25.0,10.0,33.0,24.0,58.0,19.0,23.0,7.0,27.0,34.0,18.0,12.0,5.0,0.0,0.0,20.0,24.0,88.0,60.0
2486372,13,981124,ALIMERKA OVIEDO BALONCESTO,AWAY,85.9,77.8,118.7,116.6,2.1,59.4,58.3,14.9,37.5,57.8,48.2,1.3,23.1,225,13500.0,102.0,17.0,29.0,19.0,49.0,36.0,78.0,11.0,18.0,15.0,26.0,41.0,20.0,15.0,7.0,1.0,2.0,26.0,21.0,102.0,-10.0
2486372,13,981125,CAJA RURAL CB ZAMORA,HOME,89.2,77.8,116.6,118.7,-2.1,55.2,52.5,12.9,42.2,62.5,51.8,1.1,37.0,225,13500.0,104.0,26.0,53.0,11.0,28.0,37.0,81.0,19.0,30.0,19.0,25.0,44.0,15.0,14.0,12.0,2.0,1.0,21.0,26.0,113.0,10.0
2486373,13,981300,HESTIA MENORCA,AWAY,79.9,79.6,118.9,81.9,37.0,58.0,55.4,7.9,24.3,90.3,54.4,2.4,24.3,200,12000.0,95.0,29.0,42.0,8.0,32.0,37.0,74.0,13.0,18.0,9.0,28.0,37.0,17.0,7.0,12.0,0.0,3.0,22.0,20.0,110.0,150.0
2486373,13,979769,MELILLA CIUDAD DEL DEPORTE,HOME,79.4,79.7,81.9,118.9,-37.0,53.8,47.1,26.7,9.7,75.7,45.6,0.6,36.5,200,12000.0,65.0,14.0,26.0,7.0,26.0,21.0,52.0,16.0,19.0,3.0,28.0,31.0,13.0,22.0,5.0,3.0,0.0,20.0,22.0,63.0,-150.0
2486375,14,981251,GRUPO CAESA SEGUROS FC CARTAGENA CB,AWAY,79.4,77.4,97.0,126.1,-29.1,53.9,51.5,14.4,11.8,87.5,43.1,1.5,14.9,200,12000.0,77.0,18.0,33.0,11.0,34.0,29.0,67.0,8.0,10.0,4.0,21.0,25.0,18.0,12.0,6.0,4.0,2.0,20.0,15.0,73.0,-90.0
2486375,14,979989,HLA ALICANTE,HOME,75.4,77.4,126.1,97.0,29.1,70.5,67.8,14.0,12.5,88.2,56.9,2.2,32.2,200,12000.0,95.0,16.0,26.0,16.0,33.0,32.0,59.0,15.0,19.0,3.0,30.0,33.0,24.0,11.0,7.0,2.0,4.0,16.0,20.0,123.0,90.0
2486376,14,981214,FIBWI MALLORCA BASQUET PALMA,HOME,77.4,77.5,105.9,103.1,2.8,51.6,46.9,10.2,33.3,72.2,53.6,1.0,54.7,200,12000.0,82.0,21.0,44.0,6.0,20.0,27.0,64.0,22.0,35.0,11.0,26.0,37.0,9.0,9.0,2.0,2.0,2.0,23.0,26.0,76.0,10.0
2486376,14,981215,PALMER BASKET MALLORCA PALMA,AWAY,77.6,77.5,103.1,105.9,-2.8,52.2,47.7,12.6,27.8,66.7,46.4,0.8,36.4,200,12000.0,80.0,18.0,37.0,9.0,29.0,27.0,66.0,17.0,24.0,10.0,22.0,32.0,9.0,11.0,3.0,2.0,2.0,28.0,22.0,63.0,-10.0
2486377,14,981525,FLEXICAR FUENLABRADA,AWAY,68.8,68.8,101.7,116.1,-14.4,52.4,48.3,16.3,33.3,66.7,49.2,1.2,34.5,200,12000.0,70.0,22.0,42.0,4.0,16.0,26.0,58.0,14.0,20.0,11.0,20.0,31.0,16.0,13.0,4.0,1.0,0.0,21.0,23.0,73.0,-50.0
2486377,14,981300,HESTIA MENORCA,HOME,68.9,68.9,116.1,101.7,14.4,59.8,55.1,15.2,33.3,66.7,50.8,1.6,30.5,200,12000.0,80.0,16.0,28.0,11.0,31.0,27.0,59.0,15.0,18.0,10.0,22.0,32.0,19.0,12.0,4.0,0.0,1.0,23.0,21.0,86.0,50.0
2486378,14,980004,LEYMA CORUÑA,AWAY,80.0,77.6,123.8,137.1,-13.3,68.8,64.8,16.3,23.1,58.6,41.8,1.2,41.0,200,12000.0,99.0,23.0,34.0,11.0,27.0,34.0,61.0,20.0,25.0,6.0,17.0,23.0,17.0,14.0,10.0,0.0,1.0,25.0,22.0,100.0,-20.0
2486378,14,981421,MONBUS OBRADOIRO,HOME,75.1,77.6,137.1,123.8,13.3,66.8,61.9,11.5,41.4,76.9,58.2,2.6,34.3,200,12000.0,103.0,22.0,37.0,13.0,30.0,35.0,67.0,20.0,23.0,12.0,20.0,32.0,26.0,10.0,8.0,1.0,0.0,22.0,24.0,127.0,20.0
2486379,14,979907,GRUPO ALEGA CANTABRIA,AWAY,71.4,72.2,107.9,120.7,-12.8,60.8,56.4,17.0,20.8,60.6,43.9,0.8,34.5,200,12000.0,77.0,19.0,34.0,8.0,21.0,27.0,55.0,15.0,19.0,5.0,20.0,25.0,10.0,13.0,8.0,1.0,5.0,23.0,18.0,71.0,-55.0
2486379,14,981203,INVEREADY GIPUZKOA,HOME,72.9,72.2,120.7,107.9,12.8,60.4,54.9,15.1,39.4,79.2,56.1,1.0,44.3,200,12000.0,88.0,23.0,40.0,7.0,21.0,30.0,61.0,21.0,27.0,13.0,19.0,32.0,13.0,13.0,6.0,5.0,1.0,19.0,23.0,98.0,55.0
2486380,14,981125,CAJA RURAL CB ZAMORA,AWAY,68.8,67.1,112.0,131.3,-19.3,55.2,47.4,12.5,42.3,53.3,48.2,0.8,50.9,200,12000.0,77.0,18.0,41.0,6.0,16.0,24.0,57.0,23.0,29.0,11.0,16.0,27.0,8.0,10.0,4.0,1.0,4.0,26.0,22.0,64.0,-45.0
2486380,14,981431,MOVISTAR ESTUDIANTES,HOME,65.5,67.1,131.3,112.0,19.3,59.3,56.9,8.8,46.7,57.7,51.8,2.0,26.2,200,12000.0,86.0,16.0,32.0,14.0,33.0,30.0,65.0,12.0,17.0,14.0,15.0,29.0,14.0,7.0,5.0,4.0,1.0,24.0,25.0,92.0,45.0
2486381,14,981124,ALIMERKA OVIEDO BALONCESTO,HOME,76.3,78.3,98.3,91.0,7.3,55.7,48.2,22.0,35.7,84.8,62.3,0.8,50.9,200,12000.0,75.0,16.0,32.0,7.0,23.0,23.0,55.0,22.0,28.0,10.0,28.0,38.0,15.0,19.0,4.0,3.0,4.0,22.0,22.0,78.0,10.0
2486381,14,981493,CLUB OURENSE BALONCESTO,AWAY,80.2,78.3,91.0,98.3,-7.3,47.3,43.4,9.4,15.2,64.3,37.7,1.5,30.9,200,12000.0,73.0,28.0,51.0,1.0,17.0,29.0,68.0,14.0,21.0,5.0,18.0,23.0,12.0,8.0,8.0,4.0,3.0,22.0,21.0,65.0,-10.0
2486382,14,979920,GRUPO URETA TIZONA BURGOS,AWAY,78.8,77.3,96.4,120.2,-23.8,50.1,45.5,14.6,27.0,71.0,47.1,1.0,29.9,200,12000.0,76.0,14.0,30.0,11.0,37.0,25.0,67.0,15.0,20.0,10.0,22.0,32.0,13.0,13.0,4.0,2.0,2.0,21.0,21.0,67.0,-75.0
2486382,14,981343,SÚPER AGROPAL PALENCIA,HOME,75.7,77.2,120.2,96.4,23.8,60.9,60.0,11.8,29.0,73.0,52.9,1.1,33.8,200,12000.0,91.0,24.0,33.0,10.0,32.0,34.0,65.0,13.0,22.0,9.0,27.0,36.0,11.0,10.0,9.0,2.0,2.0,24.0,19.0,94.0,75.0
2486384,15,981300,HESTIA MENORCA,HOME,67.1,66.3,120.8,103.8,17.0,61.3,60.3,8.3,22.7,65.7,49.1,2.8,11.1,200,12000.0,81.0,23.0,34.0,10.0,29.0,33.0,63.0,5.0,7.0,5.0,23.0,28.0,17.0,6.0,5.0,2.0,1.0,19.0,16.0,92.0,65.0
2486384,15,979989,HLA ALICANTE,AWAY,65.5,66.2,103.8,120.8,-17.0,48.9,41.9,10.3,34.3,77.3,50.9,1.2,27.4,200,12000.0,68.0,17.0,35.0,6.0,27.0,23.0,62.0,16.0,17.0,12.0,17.0,29.0,10.0,8.0,1.0,1.0,2.0,16.0,19.0,64.0,-65.0
2486385,15,981203,INVEREADY GIPUZKOA,AWAY,73.2,75.1,97.0,81.8,15.2,49.9,44.6,17.4,37.1,68.3,53.9,1.1,21.5,200,12000.0,71.0,23.0,47.0,4.0,18.0,27.0,65.0,13.0,14.0,13.0,28.0,41.0,16.0,15.0,9.0,0.0,2.0,21.0,18.0,80.0,40.0
2486385,15,981215,PALMER BASKET MALLORCA PALMA,HOME,77.0,75.1,81.8,97.0,-15.2,42.6,36.5,17.8,31.7,62.9,46.1,0.2,39.7,200,12000.0,63.0,14.0,41.0,6.0,22.0,20.0,63.0,17.0,25.0,13.0,22.0,35.0,4.0,16.0,7.0,2.0,0.0,18.0,21.0,47.0,-40.0
2486387,15,979907,GRUPO ALEGA CANTABRIA,AWAY,72.7,74.0,92.1,135.8,-43.7,55.2,53.6,19.8,10.0,76.9,41.1,0.9,23.6,200,12000.0,67.0,16.0,33.0,9.0,22.0,25.0,55.0,8.0,13.0,3.0,20.0,23.0,13.0,15.0,6.0,1.0,0.0,20.0,17.0,57.0,-175.0
2486387,15,980004,LEYMA CORUÑA,HOME,75.1,73.9,135.8,92.1,43.7,70.7,67.7,11.1,23.1,90.0,58.9,3.4,37.1,200,12000.0,102.0,24.0,38.0,12.0,24.0,36.0,62.0,18.0,23.0,6.0,27.0,33.0,31.0,9.0,10.0,0.0,1.0,17.0,20.0,139.0,175.0
2486388,15,981493,CLOUD.GAL OURENSE BALONCESTO,AWAY,75.8,73.6,99.0,128.8,-29.8,46.4,37.5,8.0,35.3,71.0,52.3,1.9,42.6,200,12000.0,75.0,18.0,50.0,5.0,18.0,23.0,68.0,24.0,29.0,12.0,22.0,34.0,13.0,7.0,3.0,0.0,7.0,26.0,19.0,61.0,-85.0
2486388,15,981431,MOVISTAR ESTUDIANTES,HOME,71.4,73.6,128.8,99.0,29.8,62.6,58.1,8.7,29.0,64.7,47.7,2.7,41.9,200,12000.0,92.0,21.0,31.0,10.0,31.0,31.0,62.0,20.0,26.0,9.0,22.0,31.0,19.0,7.0,2.0,7.0,0.0,19.0,26.0,114.0,85.0
2486389,15,981525,FLEXICAR FUENLABRADA,AWAY,77.8,78.5,113.1,94.8,18.3,63.0,63.8,17.7,21.9,81.1,53.6,1.4,16.9,200,12000.0,88.0,13.0,28.0,19.0,37.0,32.0,65.0,5.0,11.0,7.0,30.0,37.0,21.0,15.0,9.0,2.0,1.0,17.0,14.0,100.0,65.0
2486389,15,981251,GRUPO CAESA SEGUROS FC CARTAGENA CB,HOME,79.1,78.5,94.8,113.1,-18.3,50.6,43.8,13.9,18.9,78.1,46.4,1.0,35.9,200,12000.0,75.0,19.0,29.0,6.0,35.0,25.0,64.0,19.0,23.0,7.0,25.0,32.0,12.0,12.0,8.0,1.0,2.0,14.0,16.0,75.0,-65.0
2486390,15,981124,ALIMERKA OVIEDO BALONCESTO,HOME,79.1,81.1,105.0,77.1,27.9,56.8,55.7,17.0,24.3,81.6,53.3,1.4,10.0,200,12000.0,83.0,15.0,32.0,16.0,38.0,31.0,70.0,5.0,7.0,9.0,31.0,40.0,21.0,15.0,13.0,1.0,2.0,21.0,13.0,94.0,95.0
2486390,15,981214,FIBWI MALLORCA BASQUET PALMA,AWAY,83.0,81.0,77.1,105.0,-27.9,46.3,42.7,23.3,18.4,75.7,46.7,0.4,25.8,200,12000.0,64.0,13.0,34.0,9.0,28.0,22.0,62.0,11.0,16.0,7.0,28.0,35.0,9.0,21.0,10.0,2.0,1.0,14.0,20.0,60.0,-95.0
2486391,15,981421,MONBUS OBRADOIRO,AWAY,73.4,74.1,118.5,113.8,4.7,67.5,65.1,18.9,28.6,68.8,52.8,1.1,49.1,200,12000.0,87.0,18.0,29.0,11.0,24.0,29.0,53.0,18.0,26.0,6.0,22.0,28.0,16.0,15.0,6.0,1.0,1.0,16.0,21.0,96.0,10.0
2486391,15,981343,SÚPER AGROPAL PALENCIA,HOME,74.7,74.1,113.8,118.5,-4.7,61.0,57.8,17.7,31.2,71.4,47.2,1.2,20.3,200,12000.0,85.0,16.0,27.0,14.0,37.0,30.0,64.0,11.0,13.0,10.0,15.0,25.0,18.0,15.0,7.0,1.0,1.0,22.0,16.0,79.0,-10.0
2486392,15,981125,CAJA RURAL CB ZAMORA,HOME,86.6,88.1,112.1,98.2,13.9,56.7,53.3,15.8,38.5,71.0,52.9,0.9,32.0,200,12000.0,97.0,25.0,47.0,10.0,28.0,35.0,75.0,17.0,24.0,15.0,22.0,37.0,14.0,16.0,11.0,3.0,1.0,20.0,21.0,100.0,45.0
2486392,15,979769,MELILLA CIUDAD DEL DEPORTE,AWAY,89.6,88.1,98.2,112.1,-13.9,53.9,52.0,17.2,29.0,61.5,47.1,0.8,20.0,200,12000.0,88.0,27.0,49.0,8.0,26.0,35.0,75.0,10.0,15.0,9.0,24.0,33.0,14.0,17.0,8.0,1.0,3.0,22.0,20.0,80.0,-45.0
2486393,16,979989,HLA ALICANTE,HOME,75.4,75.6,118.0,126.8,-8.8,58.2,51.5,9.5,26.5,66.7,44.3,2.2,40.0,200,12000.0,89.0,17.0,36.0,11.0,29.0,28.0,65.0,22.0,26.0,9.0,18.0,27.0,18.0,8.0,5.0,2.0,1.0,20.0,21.0,93.0,-35.0
2486393,16,980004,LEYMA CORUÑA,AWAY,75.7,75.6,126.8,118.0,8.8,64.3,59.2,11.8,33.3,73.5,55.7,2.4,33.8,200,12000.0,96.0,22.0,35.0,11.0,30.0,33.0,65.0,19.0,22.0,9.0,25.0,34.0,24.0,10.0,6.0,1.0,2.0,21.0,20.0,115.0,35.0
2486394,16,981214,FIBWI MALLORCA BASQUET PALMA,HOME,74.1,73.7,107.9,103.8,4.1,60.5,54.5,13.1,7.4,72.7,36.7,1.2,41.1,200,12000.0,80.0,14.0,34.0,11.0,22.0,25.0,56.0,19.0,23.0,2.0,16.0,18.0,12.0,10.0,10.0,4.0,4.0,25.0,21.0,75.0,20.0
2486394,16,981431,MOVISTAR ESTUDIANTES,AWAY,73.2,73.7,103.8,107.9,-4.1,58.2,54.5,17.7,27.3,92.6,63.3,1.7,37.5,200,12000.0,76.0,20.0,36.0,7.0,20.0,27.0,56.0,15.0,21.0,6.0,25.0,31.0,24.0,14.0,6.0,4.0,4.0,22.0,25.0,95.0,-20.0
2486395,16,979920,GRUPO URETA TIZONA BURGOS,HOME,72.1,74.1,117.9,134.0,-16.1,62.4,59.5,16.0,31.0,82.1,56.1,1.5,39.7,200,12000.0,85.0,18.0,36.0,11.0,22.0,29.0,58.0,16.0,23.0,9.0,23.0,32.0,20.0,13.0,3.0,1.0,1.0,23.0,20.0,89.0,-85.0
2486395,16,981300,HESTIA MENORCA,AWAY,76.1,74.1,134.0,117.9,16.1,69.7,67.5,9.9,17.9,69.0,43.9,2.2,36.5,200,12000.0,102.0,20.0,32.0,15.0,31.0,35.0,63.0,17.0,23.0,5.0,20.0,25.0,18.0,8.0,9.0,1.0,1.0,20.0,22.0,115.0,85.0
2486396,16,981124,ALIMERKA OVIEDO BALONCESTO,AWAY,75.6,73.5,91.3,103.4,-12.1,43.9,39.0,12.3,35.9,75.7,55.3,0.9,35.3,200,12000.0,69.0,10.0,37.0,11.0,31.0,21.0,68.0,16.0,24.0,14.0,28.0,42.0,10.0,11.0,4.0,1.0,8.0,18.0,19.0,61.0,-25.0
2486396,16,981203,INVEREADY GIPUZKOA,HOME,71.6,73.6,103.4,91.3,12.1,49.6,45.6,7.4,24.3,64.1,44.7,2.5,22.1,200,12000.0,74.0,25.0,46.0,4.0,22.0,29.0,68.0,12.0,15.0,9.0,25.0,34.0,15.0,6.0,7.0,8.0,1.0,19.0,18.0,89.0,25.0
2486397,16,981125,CAJA RURAL CB ZAMORA,AWAY,76.1,74.0,80.1,109.7,-29.6,40.6,33.1,12.8,25.0,62.5,41.7,0.5,35.4,200,12000.0,61.0,14.0,42.0,5.0,23.0,19.0,65.0,18.0,23.0,10.0,20.0,30.0,6.0,11.0,5.0,4.0,4.0,20.0,20.0,44.0,-90.0
2486397,16,981525,FLEXICAR FUENLABRADA,HOME,72.0,74.1,109.7,80.1,29.6,56.4,54.0,16.7,37.5,75.0,58.3,1.1,25.4,200,12000.0,79.0,19.0,36.0,10.0,27.0,29.0,63.0,11.0,16.0,12.0,30.0,42.0,15.0,14.0,8.0,4.0,4.0,20.0,20.0,95.0,90.0
2486398,16,981493,CLOUD.GAL OURENSE BALONCESTO,HOME,77.7,76.1,123.6,124.9,-1.3,61.0,58.7,12.3,38.7,72.7,56.2,1.6,31.9,200,12000.0,96.0,21.0,40.0,13.0,29.0,34.0,69.0,15.0,22.0,12.0,24.0,36.0,18.0,11.0,4.0,0.0,2.0,28.0,24.0,97.0,15.0
2486398,16,981421,MONBUS OBRADOIRO,AWAY,74.4,76.1,124.9,123.6,1.3,61.6,57.8,9.6,27.3,61.3,43.8,2.8,40.6,200,12000.0,93.0,22.0,37.0,10.0,27.0,32.0,64.0,19.0,26.0,9.0,19.0,28.0,22.0,8.0,7.0,2.0,0.0,25.0,27.0,107.0,-15.0
2486399,16,979907,GRUPO ALEGA CANTABRIA,HOME,74.3,73.9,98.3,103.8,-5.5,51.2,48.5,15.4,29.4,74.2,50.8,1.1,18.2,200,12000.0,73.0,23.0,37.0,6.0,29.0,29.0,66.0,9.0,12.0,10.0,23.0,33.0,14.0,13.0,7.0,1.0,5.0,17.0,16.0,74.0,-15.0
2486399,16,981215,PALMER BASKET MALLORCA PALMA,AWAY,73.2,73.7,103.8,98.3,5.5,58.2,55.4,19.7,25.8,70.6,49.2,0.9,37.5,200,12000.0,76.0,16.0,27.0,10.0,29.0,26.0,56.0,14.0,21.0,8.0,24.0,32.0,15.0,16.0,3.0,5.0,1.0,16.0,17.0,79.0,15.0
2486400,16,981251,GRUPO CAESA SEGUROS FC CARTAGENA CB,AWAY,76.4,74.7,119.0,115.3,3.7,60.3,58.6,8.5,18.2,75.0,46.2,1.9,40.6,200,12000.0,91.0,27.0,39.0,7.0,25.0,34.0,64.0,16.0,26.0,6.0,24.0,30.0,13.0,7.0,7.0,0.0,2.0,19.0,24.0,99.0,35.0
2486400,16,979769,MELILLA CIUDAD DEL DEPORTE,HOME,72.8,74.7,115.3,119.0,-3.7,61.9,59.5,16.1,25.0,81.8,53.8,1.0,17.5,200,12000.0,84.0,15.0,29.0,15.0,34.0,30.0,63.0,9.0,11.0,8.0,27.0,35.0,13.0,13.0,3.0,2.0,0.0,25.0,18.0,82.0,-35.0
2486402,17,981300,HESTIA MENORCA,HOME,71.7,72.8,99.1,86.7,12.4,51.7,49.2,15.9,35.7,75.0,55.4,1.1,37.3,200,12000.0,71.0,17.0,35.0,8.0,24.0,25.0,59.0,13.0,22.0,10.0,21.0,31.0,14.0,13.0,10.0,6.0,5.0,17.0,21.0,80.0,35.0
2486402,17,981203,INVEREADY GIPUZKOA,AWAY,73.8,72.8,86.7,99.1,-12.4,50.9,50.0,22.3,25.0,64.3,44.6,1.0,19.0,200,12000.0,64.0,20.0,39.0,6.0,19.0,26.0,58.0,6.0,11.0,7.0,18.0,25.0,18.0,18.0,9.0,5.0,6.0,22.0,17.0,61.0,-35.0
2486403,17,981525,FLEXICAR FUENLABRADA,AWAY,83.2,72.8,105.8,97.8,8.0,55.6,53.4,15.0,33.3,66.7,52.8,0.9,19.2,225,13500.0,88.0,24.0,49.0,10.0,24.0,34.0,73.0,10.0,14.0,10.0,28.0,38.0,12.0,14.0,4.0,2.0,9.0,20.0,19.0,86.0,45.0
2486403,17,981215,PALMER BASKET MALLORCA PALMA,HOME,80.8,72.9,97.8,105.8,-8.0,47.1,42.7,11.6,33.3,66.7,47.2,1.5,26.7,225,13500.0,79.0,14.0,40.0,12.0,35.0,26.0,75.0,15.0,20.0,14.0,20.0,34.0,17.0,11.0,3.0,9.0,2.0,20.0,19.0,76.0,-45.0
2486404,17,981214,FIBWI MALLORCA BASQUET PALMA,AWAY,73.1,75.7,98.5,120.1,-21.6,51.3,50.0,9.1,11.4,54.5,32.4,2.3,38.3,200,12000.0,72.0,21.0,35.0,6.0,25.0,27.0,60.0,12.0,23.0,4.0,18.0,22.0,16.0,7.0,7.0,1.0,2.0,18.0,21.0,70.0,-110.0
2486404,17,980004,LEYMA CORUÑA,HOME,78.2,75.6,120.1,98.5,21.6,57.1,52.7,11.8,45.5,88.6,67.6,2.5,28.8,200,12000.0,94.0,19.0,41.0,13.0,32.0,32.0,73.0,17.0,21.0,15.0,31.0,46.0,27.0,11.0,5.0,2.0,1.0,21.0,18.0,115.0,110.0
2486405,17,979989,HLA ALICANTE,AWAY,79.6,79.4,94.2,110.0,-15.8,54.7,51.6,20.8,20.6,79.5,52.1,0.8,24.2,200,12000.0,75.0,14.0,30.0,12.0,32.0,26.0,62.0,11.0,15.0,7.0,31.0,38.0,15.0,18.0,5.0,2.0,2.0,22.0,16.0,71.0,-60.0
2486405,17,981421,MONBUS OBRADOIRO,HOME,79.1,79.3,110.0,94.2,15.8,54.3,50.0,8.0,20.5,79.4,47.9,3.0,32.9,200,12000.0,87.0,20.0,47.0,10.0,23.0,30.0,70.0,17.0,23.0,8.0,27.0,35.0,21.0,7.0,11.0,2.0,2.0,16.0,22.0,109.0,60.0
2486406,17,979907,GRUPO ALEGA CANTABRIA,AWAY,78.3,75.9,94.5,110.4,-15.9,54.2,52.4,16.0,10.3,62.1,36.2,1.2,19.0,200,12000.0,74.0,21.0,37.0,8.0,26.0,29.0,63.0,8.0,12.0,3.0,18.0,21.0,15.0,13.0,6.0,1.0,0.0,27.0,24.0,63.0,-35.0
2486406,17,981431,MOVISTAR ESTUDIANTES,HOME,73.4,75.9,110.4,94.5,15.9,57.5,50.9,16.6,37.9,89.7,63.8,0.6,63.6,200,12000.0,81.0,19.0,32.0,6.0,23.0,25.0,55.0,25.0,35.0,11.0,26.0,37.0,9.0,14.0,5.0,0.0,1.0,24.0,27.0,81.0,35.0
2486407,17,981251,GRUPO CAESA SEGUROS FC CARTAGENA CB,HOME,90.3,72.9,98.5,94.4,4.1,51.0,45.3,11.2,19.0,70.7,44.6,1.3,37.3,250,15000.0,89.0,19.0,45.0,10.0,30.0,29.0,75.0,21.0,28.0,8.0,29.0,37.0,14.0,11.0,12.0,3.0,4.0,23.0,27.0,95.0,10.0
2486407,17,979920,GRUPO URETA TIZONA BURGOS,AWAY,92.1,73.0,94.4,98.5,-4.1,49.4,43.6,15.4,29.3,81.0,55.4,1.1,29.5,250,15000.0,87.0,16.0,36.0,12.0,42.0,28.0,78.0,19.0,23.0,12.0,34.0,46.0,18.0,16.0,9.0,4.0,3.0,27.0,22.0,89.0,-10.0
2486408,17,981124,ALIMERKA OVIEDO BALONCESTO,HOME,74.1,74.0,136.3,94.7,41.6,66.3,65.2,9.5,33.3,81.8,58.7,2.6,34.8,200,12000.0,101.0,13.0,25.0,20.0,41.0,33.0,66.0,15.0,23.0,10.0,27.0,37.0,21.0,8.0,6.0,1.0,1.0,18.0,24.0,123.0,155.0
2486408,17,979769,MELILLA CIUDAD DEL DEPORTE,AWAY,73.9,74.0,94.7,136.3,-41.6,50.8,45.9,13.8,18.2,66.7,41.3,1.5,29.5,200,12000.0,70.0,13.0,36.0,10.0,25.0,23.0,61.0,14.0,18.0,6.0,20.0,26.0,16.0,11.0,4.0,1.0,1.0,24.0,18.0,58.0,-155.0
2486409,17,981493,CLOUD.GAL OURENSE BALONCESTO,AWAY,67.1,68.5,114.7,118.8,-4.1,61.0,59.4,17.1,34.6,62.1,49.1,1.2,43.4,200,12000.0,77.0,15.0,27.0,11.0,26.0,26.0,53.0,14.0,23.0,9.0,18.0,27.0,15.0,13.0,4.0,7.0,0.0,28.0,25.0,78.0,-30.0
2486409,17,981343,SÚPER AGROPAL PALENCIA,HOME,69.9,68.5,118.8,114.7,4.1,57.7,53.3,11.1,37.9,65.4,50.9,1.1,45.0,200,12000.0,83.0,23.0,45.0,6.0,15.0,29.0,60.0,19.0,27.0,11.0,17.0,28.0,10.0,9.0,6.0,0.0,7.0,25.0,28.0,82.0,30.0
2486411,18,979989,HLA ALICANTE,HOME,68.2,68.8,92.3,118.2,-25.9,48.3,40.2,15.5,25.7,61.5,41.0,1.0,37.5,200,12000.0,63.0,12.0,25.0,7.0,31.0,19.0,56.0,18.0,21.0,9.0,16.0,25.0,12.0,12.0,6.0,2.0,3.0,19.0,21.0,58.0,-95.0
2486411,18,981343,SÚPER AGROPAL PALENCIA,AWAY,69.4,68.8,118.2,92.3,25.9,60.0,55.8,13.9,38.5,74.3,59.0,1.7,31.7,200,12000.0,82.0,14.0,29.0,13.0,31.0,27.0,60.0,15.0,19.0,10.0,26.0,36.0,19.0,11.0,4.0,3.0,2.0,21.0,19.0,94.0,95.0
2486412,18,981125,CAJA RURAL CB ZAMORA,AWAY,77.5,77.3,122.5,119.5,3.0,66.4,64.0,20.1,41.4,68.8,55.7,0.7,57.9,200,12000.0,95.0,17.0,29.0,13.0,28.0,30.0,57.0,22.0,33.0,12.0,22.0,34.0,13.0,18.0,6.0,3.0,2.0,25.0,21.0,91.0,15.0
2486412,18,981215,PALMER BASKET MALLORCA PALMA,HOME,77.0,77.3,119.5,122.5,-3.0,59.0,55.2,10.3,31.2,58.6,44.3,2.0,37.3,200,12000.0,92.0,22.0,41.0,10.0,26.0,32.0,67.0,18.0,25.0,10.0,17.0,27.0,18.0,9.0,9.0,2.0,3.0,21.0,25.0,101.0,-15.0
2486413,18,981214,FIBWI MALLORCA BASQUET PALMA,AWAY,75.6,76.0,100.6,104.7,-4.1,61.7,57.8,24.5,23.1,59.3,41.5,0.8,47.1,200,12000.0,76.0,16.0,26.0,9.0,25.0,25.0,51.0,17.0,24.0,6.0,16.0,22.0,15.0,20.0,13.0,2.0,2.0,20.0,23.0,78.0,-20.0
2486413,18,979920,GRUPO URETA TIZONA BURGOS,HOME,76.4,76.0,104.7,100.6,4.1,61.1,58.3,25.2,40.7,76.9,58.5,0.5,48.1,200,12000.0,80.0,15.0,27.0,11.0,27.0,26.0,54.0,17.0,26.0,11.0,20.0,31.0,11.0,22.0,13.0,2.0,2.0,23.0,18.0,73.0,20.0
2486414,18,981124,ALIMERKA OVIEDO BALONCESTO,AWAY,87.4,83.9,77.8,107.1,-29.3,41.3,33.8,18.7,35.0,72.4,50.7,0.6,25.7,200,12000.0,68.0,16.0,32.0,6.0,42.0,22.0,74.0,18.0,19.0,14.0,21.0,35.0,11.0,19.0,11.0,0.0,3.0,28.0,23.0,48.0,-90.0
2486414,18,981421,MONBUS OBRADOIRO,HOME,80.3,83.8,107.1,77.8,29.3,60.3,54.2,19.2,27.6,65.0,49.3,1.1,47.5,200,12000.0,86.0,23.0,42.0,6.0,17.0,29.0,59.0,22.0,28.0,8.0,26.0,34.0,19.0,17.0,11.0,3.0,0.0,23.0,28.0,105.0,90.0
2486415,18,981203,INVEREADY GIPUZKOA,HOME,66.6,68.5,109.6,93.8,15.8,52.4,50.8,11.5,38.7,84.0,58.9,1.9,23.8,200,12000.0,73.0,20.0,40.0,8.0,23.0,28.0,63.0,9.0,15.0,12.0,21.0,33.0,17.0,9.0,6.0,5.0,1.0,21.0,21.0,84.0,35.0
2486415,18,981431,MOVISTAR ESTUDIANTES,AWAY,70.4,68.5,93.8,109.6,-15.8,54.7,51.0,18.8,16.0,61.3,41.1,0.4,36.5,200,12000.0,66.0,16.0,32.0,7.0,20.0,23.0,52.0,13.0,19.0,4.0,19.0,23.0,6.0,14.0,7.0,1.0,5.0,22.0,21.0,53.0,-35.0
2486416,18,981493,CLOUD.GAL OURENSE BALONCESTO,HOME,75.9,77.6,90.9,90.8,0.1,44.3,41.4,12.4,30.2,65.5,44.4,1.7,25.7,200,12000.0,69.0,17.0,42.0,8.0,28.0,25.0,70.0,11.0,18.0,13.0,19.0,32.0,19.0,11.0,10.0,0.0,2.0,24.0,19.0,62.0,-15.0
2486416,18,981525,FLEXICAR FUENLABRADA,AWAY,79.3,77.6,90.8,90.9,-0.1,54.3,47.2,25.8,34.5,69.8,55.6,1.0,51.9,200,12000.0,72.0,15.0,34.0,7.0,20.0,22.0,54.0,21.0,28.0,10.0,30.0,40.0,23.0,23.0,6.0,2.0,0.0,19.0,22.0,84.0,15.0
2486417,18,979907,GRUPO ALEGA CANTABRIA,HOME,70.9,72.2,110.0,98.0,12.0,58.3,55.9,15.2,25.8,76.5,52.3,1.2,30.5,200,12000.0,78.0,21.0,34.0,8.0,25.0,29.0,59.0,12.0,18.0,8.0,26.0,34.0,15.0,12.0,1.0,1.0,2.0,20.0,23.0,84.0,30.0
2486417,18,981251,GRUPO CAESA SEGUROS FC CARTAGENA CB,AWAY,73.5,72.3,98.0,110.0,-12.0,47.7,44.9,7.4,23.5,74.2,47.7,1.5,25.0,200,12000.0,72.0,17.0,34.0,9.0,34.0,26.0,68.0,11.0,17.0,8.0,23.0,31.0,9.0,6.0,5.0,2.0,1.0,24.0,20.0,61.0,-30.0
2486418,18,980004,LEYMA CORUÑA,AWAY,81.0,80.3,129.6,90.5,39.1,63.2,61.2,7.8,30.0,61.0,47.9,3.9,21.1,200,12000.0,105.0,33.0,52.0,9.0,24.0,42.0,76.0,12.0,16.0,9.0,25.0,34.0,27.0,7.0,12.0,3.0,1.0,18.0,16.0,134.0,165.0
2486418,18,979769,MELILLA CIUDAD DEL DEPORTE,HOME,79.5,80.3,90.5,129.6,-39.1,48.3,46.5,22.0,39.0,70.0,52.1,1.0,11.3,200,12000.0,72.0,18.0,38.0,10.0,33.0,28.0,71.0,6.0,8.0,16.0,21.0,37.0,22.0,21.0,7.0,1.0,3.0,17.0,18.0,74.0,-165.0
2486420,19,981214,FIBWI MALLORCA BASQUET PALMA,HOME,73.7,72.8,113.9,108.5,5.4,58.6,56.1,14.3,33.3,51.7,42.4,1.5,19.7,200,12000.0,84.0,22.0,39.0,10.0,27.0,32.0,66.0,10.0,13.0,10.0,15.0,25.0,18.0,12.0,10.0,3.0,1.0,19.0,18.0,90.0,30.0
2486420,19,979769,MELILLA CIUDAD DEL DEPORTE,AWAY,71.9,72.9,108.5,113.9,-5.4,55.8,52.4,18.6,48.3,66.7,57.6,1.2,29.0,200,12000.0,78.0,22.0,39.0,7.0,23.0,29.0,62.0,13.0,18.0,14.0,20.0,34.0,20.0,16.0,6.0,1.0,3.0,18.0,19.0,86.0,-30.0
2486421,19,979907,GRUPO ALEGA CANTABRIA,AWAY,77.4,75.2,104.7,121.8,-17.1,55.9,43.9,14.2,21.9,66.7,42.4,1.6,61.4,200,12000.0,81.0,13.0,29.0,8.0,28.0,21.0,57.0,31.0,35.0,7.0,18.0,25.0,19.0,12.0,6.0,0.0,4.0,25.0,25.0,79.0,-40.0
2486421,19,981300,HESTIA MENORCA,HOME,73.1,75.3,121.8,104.7,17.1,63.5,58.0,14.6,33.3,78.1,57.6,1.2,57.1,200,12000.0,89.0,16.0,29.0,11.0,27.0,27.0,56.0,24.0,32.0,9.0,25.0,34.0,14.0,12.0,6.0,4.0,0.0,25.0,25.0,98.0,40.0
2486422,19,981431,MOVISTAR ESTUDIANTES,HOME,75.3,74.8,95.6,126.8,-31.2,53.5,49.1,16.2,18.5,65.4,41.5,1.1,50.9,200,12000.0,72.0,18.0,26.0,6.0,29.0,24.0,55.0,18.0,28.0,5.0,17.0,22.0,14.0,13.0,5.0,0.0,0.0,20.0,27.0,66.0,-110.0
2486422,19,981343,SÚPER AGROPAL PALENCIA,AWAY,74.1,74.8,126.8,95.6,31.2,65.2,62.9,13.2,34.6,81.5,58.5,1.7,37.1,200,12000.0,94.0,27.0,48.0,8.0,14.0,35.0,62.0,16.0,23.0,9.0,22.0,31.0,19.0,11.0,6.0,0.0,0.0,28.0,20.0,97.0,110.0
2486423,19,981525,FLEXICAR FUENLABRADA,HOME,79.1,78.8,96.1,87.9,8.2,54.2,50.9,17.6,20.7,81.4,56.9,1.1,57.1,200,12000.0,76.0,18.0,33.0,7.0,23.0,25.0,56.0,19.0,32.0,6.0,35.0,41.0,16.0,15.0,4.0,2.0,0.0,18.0,29.0,91.0,35.0
2486423,19,979920,GRUPO URETA TIZONA BURGOS,AWAY,78.5,78.7,87.9,96.1,-8.2,45.1,43.5,11.6,18.6,79.3,43.1,1.9,24.6,200,12000.0,69.0,12.0,32.0,12.0,37.0,24.0,69.0,9.0,17.0,8.0,23.0,31.0,19.0,10.0,10.0,0.0,2.0,29.0,18.0,55.0,-35.0
2486424,19,981251,GRUPO CAESA SEGUROS FC CARTAGENA CB,HOME,78.4,76.4,81.6,113.0,-31.4,46.1,44.6,17.8,18.2,75.0,39.6,0.8,15.4,200,12000.0,64.0,11.0,30.0,12.0,35.0,23.0,65.0,6.0,10.0,6.0,15.0,21.0,12.0,15.0,13.0,6.0,5.0,21.0,15.0,49.0,-100.0
2486424,19,981203,INVEREADY GIPUZKOA,AWAY,74.4,76.4,113.0,81.6,31.4,66.3,62.7,20.2,25.0,81.8,60.4,1.2,34.5,200,12000.0,84.0,18.0,29.0,11.0,26.0,29.0,55.0,15.0,19.0,5.0,27.0,32.0,20.0,16.0,9.0,5.0,6.0,15.0,19.0,108.0,100.0
2486425,19,981493,CLOUD.GAL OURENSE BALONCESTO,HOME,73.0,73.2,111.0,102.0,9.0,55.5,50.8,11.0,33.3,84.0,57.7,1.8,40.3,200,12000.0,81.0,27.0,45.0,3.0,17.0,30.0,62.0,18.0,25.0,9.0,21.0,30.0,16.0,9.0,3.0,4.0,0.0,22.0,25.0,89.0,30.0
2486425,19,979989,HLA ALICANTE,AWAY,73.6,73.3,102.0,111.0,-9.0,56.3,50.9,14.2,16.0,66.7,42.3,0.5,42.9,200,12000.0,75.0,21.0,37.0,5.0,19.0,26.0,56.0,18.0,24.0,4.0,18.0,22.0,5.0,11.0,5.0,0.0,4.0,25.0,21.0,56.0,-30.0
2486426,19,981124,ALIMERKA OVIEDO BALONCESTO,HOME,78.0,80.4,107.7,107.5,0.2,66.7,67.7,24.1,21.7,62.5,45.5,0.5,70.8,200,12000.0,84.0,16.0,24.0,11.0,24.0,27.0,48.0,19.0,34.0,5.0,20.0,25.0,10.0,20.0,8.0,3.0,3.0,26.0,27.0,75.0,-25.0
2486426,19,980004,LEYMA CORUÑA,AWAY,82.8,80.3,107.5,107.7,-0.2,54.4,48.6,13.7,37.5,78.3,54.5,1.5,42.0,200,12000.0,89.0,23.0,41.0,7.0,28.0,30.0,69.0,22.0,29.0,12.0,18.0,30.0,19.0,13.0,15.0,3.0,3.0,27.0,26.0,96.0,25.0
2486427,19,981125,CAJA RURAL CB ZAMORA,HOME,81.1,82.2,94.9,110.5,-15.6,51.3,46.2,17.6,29.4,65.5,46.0,0.8,35.4,200,12000.0,77.0,15.0,33.0,10.0,32.0,25.0,65.0,17.0,23.0,10.0,19.0,29.0,12.0,16.0,7.0,3.0,3.0,24.0,22.0,64.0,-75.0
2486427,19,981421,MONBUS OBRADOIRO,AWAY,83.2,82.1,110.5,94.9,15.6,55.9,51.4,11.8,34.5,70.6,54.0,1.4,28.8,200,12000.0,92.0,24.0,40.0,9.0,33.0,33.0,73.0,17.0,21.0,10.0,24.0,34.0,15.0,11.0,6.0,3.0,3.0,23.0,23.0,95.0,75.0
2486429,20,979989,HLA ALICANTE,HOME,75.2,76.0,103.7,92.3,11.4,54.8,46.6,13.4,21.2,65.1,46.1,1.8,51.7,200,12000.0,78.0,15.0,35.0,8.0,23.0,23.0,58.0,24.0,30.0,7.0,28.0,35.0,20.0,11.0,6.0,3.0,1.0,20.0,26.0,96.0,35.0
2486429,20,979769,MELILLA CIUDAD DEL DEPORTE,AWAY,77.0,76.1,92.3,103.7,-11.4,45.0,43.3,14.1,34.9,78.8,53.9,0.9,12.0,200,12000.0,71.0,13.0,39.0,13.0,36.0,26.0,75.0,6.0,9.0,15.0,26.0,41.0,12.0,13.0,6.0,1.0,3.0,27.0,20.0,59.0,-35.0
2486430,20,981214,FIBWI MALLORCA BASQUET PALMA,HOME,77.4,77.3,102.1,103.5,-1.4,54.6,53.7,17.2,33.3,62.1,47.5,1.2,14.7,200,12000.0,79.0,17.0,34.0,13.0,34.0,30.0,68.0,6.0,10.0,10.0,18.0,28.0,18.0,15.0,8.0,7.0,3.0,24.0,14.0,73.0,-5.0
2486430,20,981525,FLEXICAR FUENLABRADA,AWAY,77.3,77.3,103.5,102.1,1.4,56.1,51.8,19.3,37.9,66.7,52.5,0.9,67.3,200,12000.0,80.0,12.0,31.0,11.0,24.0,23.0,55.0,23.0,37.0,11.0,20.0,31.0,16.0,17.0,10.0,3.0,7.0,14.0,22.0,85.0,5.0
2486431,20,981125,CAJA RURAL CB ZAMORA,AWAY,79.7,79.5,95.4,101.9,-6.5,57.9,52.7,20.6,12.0,63.3,45.9,0.8,39.3,200,12000.0,76.0,22.0,37.0,5.0,19.0,27.0,56.0,17.0,22.0,3.0,31.0,34.0,13.0,17.0,6.0,4.0,1.0,24.0,18.0,76.0,-25.0
2486431,20,980004,LEYMA CORUÑA,HOME,79.5,79.7,101.9,95.4,6.5,45.3,41.5,8.2,36.7,88.0,54.1,3.5,20.7,200,12000.0,81.0,25.0,56.0,6.0,26.0,31.0,82.0,13.0,17.0,18.0,22.0,40.0,28.0,8.0,8.0,1.0,4.0,19.0,24.0,100.0,25.0
2486432,20,981300,HESTIA MENORCA,AWAY,79.6,73.1,108.0,117.9,-9.9,60.1,56.9,15.4,15.2,64.3,37.7,1.2,23.1,225,13500.0,86.0,16.0,26.0,14.0,39.0,30.0,65.0,12.0,15.0,5.0,18.0,23.0,15.0,13.0,5.0,1.0,0.0,28.0,20.0,71.0,-70.0
2486432,20,981421,MONBUS OBRADOIRO,HOME,84.8,73.1,117.9,108.0,9.9,57.6,52.1,8.4,35.7,84.8,62.3,2.9,50.7,225,13500.0,100.0,19.0,37.0,12.0,34.0,31.0,71.0,26.0,36.0,10.0,28.0,38.0,23.0,8.0,9.0,0.0,1.0,21.0,27.0,118.0,70.0
2486433,20,979920,GRUPO URETA TIZONA BURGOS,AWAY,67.6,70.9,96.2,125.0,-28.8,48.1,43.9,9.4,20.6,65.2,38.6,1.9,42.1,200,12000.0,65.0,16.0,34.0,6.0,23.0,22.0,57.0,15.0,24.0,7.0,15.0,22.0,13.0,7.0,5.0,2.0,4.0,25.0,21.0,52.0,-140.0
2486433,20,981203,INVEREADY GIPUZKOA,HOME,74.4,70.9,125.0,96.2,28.8,65.1,61.6,13.3,34.8,79.4,61.4,1.8,62.5,200,12000.0,93.0,21.0,33.0,9.0,23.0,30.0,56.0,24.0,35.0,8.0,27.0,35.0,20.0,11.0,2.0,4.0,2.0,22.0,25.0,109.0,140.0
2486435,20,981493,CLOUD.GAL OURENSE BALONCESTO,AWAY,72.1,72.8,110.9,110.4,0.5,53.2,51.5,15.7,45.9,69.2,55.6,1.3,35.4,200,12000.0,80.0,14.0,34.0,13.0,31.0,27.0,65.0,13.0,23.0,17.0,18.0,35.0,18.0,14.0,2.0,5.0,2.0,19.0,24.0,83.0,-5.0
2486435,20,981251,GRUPO CAESA SEGUROS FC CARTAGENA CB,HOME,73.4,72.7,110.4,110.9,-0.5,56.0,52.3,11.1,30.8,54.1,44.4,2.6,29.7,200,12000.0,81.0,20.0,36.0,9.0,28.0,29.0,64.0,14.0,19.0,8.0,20.0,28.0,23.0,9.0,8.0,2.0,5.0,24.0,19.0,88.0,5.0
2486436,20,981215,PALMER BASKET MALLORCA PALMA,AWAY,72.7,72.8,94.9,116.7,-21.8,51.7,47.4,16.3,19.4,73.1,41.9,0.7,38.6,200,12000.0,69.0,12.0,29.0,10.0,28.0,22.0,57.0,15.0,22.0,7.0,19.0,26.0,9.0,13.0,7.0,5.0,1.0,14.0,20.0,67.0,-80.0
2486436,20,981343,SÚPER AGROPAL PALENCIA,HOME,72.8,72.8,116.7,94.9,21.8,61.7,59.4,13.8,26.9,80.6,58.1,1.6,17.2,200,12000.0,85.0,23.0,36.0,10.0,28.0,33.0,64.0,9.0,11.0,7.0,29.0,36.0,18.0,11.0,8.0,1.0,5.0,20.0,14.0,98.0,80.0
2486437,20,981124,ALIMERKA OVIEDO BALONCESTO,AWAY,76.3,78.1,114.0,98.8,15.2,55.5,48.5,7.1,20.5,74.1,42.4,1.5,42.4,200,12000.0,87.0,14.0,29.0,12.0,37.0,26.0,66.0,23.0,28.0,8.0,20.0,28.0,9.0,6.0,7.0,2.0,2.0,19.0,25.0,88.0,40.0
2486437,20,979907,GRUPO ALEGA CANTABRIA,HOME,80.0,78.1,98.8,114.0,-15.2,55.6,47.5,18.4,25.9,79.5,57.6,0.9,41.7,200,12000.0,79.0,21.0,39.0,5.0,21.0,26.0,60.0,22.0,25.0,7.0,31.0,38.0,14.0,16.0,2.0,2.0,2.0,25.0,19.0,76.0,-40.0
2486438,21,981214,FIBWI MALLORCA BASQUET PALMA,HOME,66.7,67.7,103.5,110.5,-7.0,51.0,45.7,10.6,29.0,76.0,50.0,1.5,37.9,200,12000.0,69.0,19.0,38.0,5.0,20.0,24.0,58.0,16.0,22.0,9.0,19.0,28.0,12.0,8.0,8.0,1.0,2.0,21.0,21.0,70.0,-35.0
2486438,21,981300,HESTIA MENORCA,AWAY,68.8,67.7,110.5,103.5,7.0,61.5,58.5,17.4,24.0,71.0,50.0,1.0,37.7,200,12000.0,76.0,16.0,33.0,10.0,20.0,26.0,53.0,14.0,20.0,6.0,22.0,28.0,13.0,13.0,4.0,2.0,1.0,21.0,21.0,77.0,35.0
2486439,21,980004,LEYMA CORUÑA,AWAY,70.7,70.9,120.2,91.3,28.9,64.7,61.7,19.6,42.3,72.7,59.3,1.1,21.7,200,12000.0,85.0,22.0,43.0,10.0,17.0,32.0,60.0,11.0,13.0,11.0,24.0,35.0,18.0,16.0,6.0,3.0,3.0,18.0,17.0,100.0,100.0
2486439,21,981215,PALMER BASKET MALLORCA PALMA,HOME,71.2,70.9,91.3,120.2,-28.9,45.7,42.3,11.2,27.3,57.7,40.7,2.1,21.5,200,12000.0,65.0,17.0,42.0,7.0,23.0,24.0,65.0,10.0,14.0,9.0,15.0,24.0,19.0,9.0,10.0,3.0,3.0,17.0,18.0,68.0,-100.0
2486440,21,981125,CAJA RURAL CB ZAMORA,AWAY,85.0,83.9,118.9,112.0,6.9,59.4,54.3,11.5,29.7,73.2,52.6,1.0,48.6,200,12000.0,101.0,26.0,52.0,8.0,18.0,34.0,70.0,25.0,34.0,11.0,30.0,41.0,11.0,11.0,8.0,3.0,5.0,23.0,28.0,113.0,40.0
2486440,21,979920,GRUPO URETA TIZONA BURGOS,HOME,83.0,84.1,112.0,118.9,-6.9,58.1,51.4,14.9,26.8,70.3,47.4,1.2,36.2,200,12000.0,93.0,13.0,34.0,15.0,35.0,28.0,69.0,22.0,25.0,11.0,26.0,37.0,17.0,14.0,8.0,5.0,3.0,28.0,23.0,97.0,-40.0
2486441,21,981525,FLEXICAR FUENLABRADA,HOME,70.8,72.5,122.8,121.4,1.4,57.4,50.0,7.3,32.4,75.0,54.3,3.5,60.0,200,12000.0,87.0,21.0,37.0,6.0,23.0,27.0,60.0,27.0,36.0,11.0,27.0,38.0,21.0,6.0,4.0,4.0,3.0,22.0,28.0,112.0,-15.0
2486441,21,979989,HLA ALICANTE,AWAY,74.1,72.5,121.4,122.8,-1.4,63.3,59.8,14.4,25.0,67.6,45.7,1.8,37.7,200,12000.0,90.0,17.0,31.0,13.0,30.0,30.0,61.0,17.0,23.0,9.0,23.0,32.0,22.0,12.0,4.0,3.0,4.0,29.0,20.0,93.0,15.0
2486442,21,981493,CLOUD.GAL OURENSE BALONCESTO,HOME,73.0,73.5,141.1,130.8,10.3,66.0,62.7,9.3,39.4,75.0,54.4,2.9,37.3,200,12000.0,103.0,21.0,41.0,14.0,26.0,35.0,67.0,19.0,25.0,13.0,18.0,31.0,23.0,8.0,7.0,3.0,2.0,19.0,25.0,127.0,30.0
2486442,21,981431,MOVISTAR ESTUDIANTES,AWAY,74.2,73.5,130.8,141.1,-10.3,70.1,69.0,13.7,25.0,60.6,45.6,2.0,22.2,200,12000.0,97.0,18.0,27.0,17.0,36.0,35.0,63.0,10.0,14.0,6.0,20.0,26.0,22.0,11.0,6.0,2.0,3.0,26.0,19.0,103.0,-30.0
2486443,21,981124,ALIMERKA OVIEDO BALONCESTO,HOME,76.2,74.8,80.0,103.5,-23.5,44.7,39.8,18.0,20.6,83.3,46.6,0.7,35.6,200,12000.0,61.0,10.0,29.0,9.0,30.0,19.0,59.0,14.0,21.0,7.0,20.0,27.0,11.0,15.0,10.0,1.0,4.0,15.0,20.0,53.0,-75.0
2486443,21,981343,SÚPER AGROPAL PALENCIA,AWAY,73.4,74.8,103.5,80.0,23.5,59.9,59.3,18.1,16.7,79.4,53.4,1.1,16.9,200,12000.0,76.0,20.0,41.0,10.0,18.0,30.0,59.0,6.0,10.0,4.0,27.0,31.0,15.0,14.0,12.0,4.0,1.0,20.0,15.0,86.0,75.0
2486444,21,979907,GRUPO ALEGA CANTABRIA,HOME,72.9,73.4,124.9,121.6,3.3,64.2,58.5,11.3,25.0,73.7,44.7,2.2,45.8,200,12000.0,91.0,18.0,37.0,11.0,22.0,29.0,59.0,22.0,27.0,7.0,14.0,21.0,20.0,9.0,7.0,1.0,1.0,24.0,24.0,96.0,5.0
2486444,21,981203,INVEREADY GIPUZKOA,AWAY,74.0,73.5,121.6,124.9,-3.3,66.2,64.0,13.9,26.3,75.0,55.3,2.0,43.9,200,12000.0,90.0,29.0,42.0,5.0,15.0,34.0,57.0,17.0,25.0,5.0,21.0,26.0,22.0,11.0,5.0,1.0,1.0,24.0,24.0,102.0,-5.0
2486445,21,979769,MELILLA CIUDAD DEL DEPORTE,HOME,74.0,72.8,94.6,128.3,-33.7,49.3,49.3,20.2,37.5,60.0,46.2,1.2,13.4,200,12000.0,70.0,15.0,31.0,12.0,36.0,27.0,67.0,4.0,9.0,15.0,15.0,30.0,21.0,18.0,11.0,2.0,2.0,15.0,19.0,75.0,-110.0
2486445,21,981421,MONBUS OBRADOIRO,AWAY,71.7,72.8,128.3,94.6,33.7,68.9,68.0,18.4,40.0,62.5,53.8,1.5,21.3,200,12000.0,92.0,25.0,38.0,11.0,23.0,36.0,61.0,9.0,13.0,10.0,25.0,35.0,23.0,15.0,11.0,2.0,2.0,19.0,15.0,115.0,110.0
2486447,22,981300,HESTIA MENORCA,AWAY,70.0,69.1,108.6,85.2,23.4,56.8,55.6,15.2,29.0,77.8,55.2,1.2,14.3,200,12000.0,76.0,20.0,30.0,10.0,33.0,30.0,63.0,6.0,9.0,9.0,28.0,37.0,15.0,12.0,7.0,3.0,3.0,25.0,16.0,81.0,90.0
2486447,22,979989,HLA ALICANTE,HOME,68.1,69.0,85.2,108.6,-23.4,43.9,29.8,13.1,22.2,71.0,44.8,1.2,61.5,200,12000.0,58.0,11.0,32.0,3.0,20.0,14.0,52.0,27.0,32.0,8.0,22.0,30.0,12.0,10.0,7.0,3.0,3.0,16.0,25.0,66.0,-90.0
2486448,22,981124,ALIMERKA OVIEDO BALONCESTO,AWAY,73.0,72.3,121.9,114.3,7.6,57.8,53.0,10.5,36.1,66.7,50.0,1.9,37.9,200,12000.0,89.0,20.0,36.0,10.0,30.0,30.0,66.0,19.0,25.0,13.0,20.0,33.0,17.0,9.0,9.0,0.0,1.0,21.0,24.0,100.0,35.0
2486448,22,979920,GRUPO URETA TIZONA BURGOS,HOME,71.7,72.4,114.3,121.9,-7.6,61.5,58.2,18.4,33.3,63.9,50.0,0.9,21.3,200,12000.0,82.0,19.0,39.0,11.0,22.0,30.0,61.0,11.0,13.0,10.0,23.0,33.0,13.0,15.0,4.0,1.0,0.0,24.0,21.0,82.0,-35.0
2486449,22,980004,LEYMA CORUÑA,HOME,77.5,76.2,135.5,109.6,25.9,65.2,64.4,10.1,38.7,73.0,57.4,2.9,23.3,200,12000.0,105.0,17.0,38.0,20.0,35.0,37.0,73.0,11.0,17.0,12.0,27.0,39.0,26.0,9.0,8.0,0.0,1.0,21.0,17.0,123.0,115.0
2486449,22,981431,MOVISTAR ESTUDIANTES,AWAY,74.8,76.1,109.6,135.5,-25.9,56.3,51.6,14.2,27.0,61.3,42.6,1.2,31.2,200,12000.0,82.0,18.0,31.0,10.0,33.0,28.0,64.0,16.0,20.0,10.0,19.0,29.0,15.0,12.0,5.0,1.0,0.0,17.0,21.0,84.0,-115.0
2486451,22,981251,GRUPO CAESA SEGUROS FC CARTAGENA CB,HOME,69.8,68.2,94.6,123.0,-28.4,49.4,43.1,15.2,27.3,50.0,36.8,1.2,34.5,200,12000.0,66.0,13.0,29.0,8.0,29.0,21.0,58.0,16.0,20.0,9.0,12.0,21.0,15.0,12.0,7.0,2.0,4.0,19.0,17.0,56.0,-80.0
2486451,22,981215,PALMER BASKET MALLORCA PALMA,AWAY,66.7,68.2,123.0,94.6,28.4,62.4,56.2,16.5,50.0,72.7,63.2,1.2,39.3,200,12000.0,82.0,18.0,33.0,9.0,23.0,27.0,56.0,19.0,22.0,12.0,24.0,36.0,16.0,13.0,4.0,4.0,2.0,17.0,19.0,99.0,80.0
2486452,22,981493,CLOUD.GAL OURENSE BALONCESTO,HOME,80.6,80.8,100.4,85.2,15.2,52.8,44.4,20.7,45.7,84.4,64.2,0.8,49.2,200,12000.0,81.0,22.0,44.0,4.0,19.0,26.0,63.0,25.0,31.0,16.0,27.0,43.0,16.0,20.0,10.0,2.0,1.0,22.0,26.0,93.0,60.0
2486452,22,981214,FIBWI MALLORCA BASQUET PALMA,AWAY,81.0,80.7,85.2,100.4,-15.2,49.3,41.5,18.6,15.6,54.3,35.8,1.2,42.4,200,12000.0,69.0,20.0,35.0,3.0,24.0,23.0,59.0,20.0,25.0,5.0,19.0,24.0,19.0,16.0,14.0,1.0,2.0,27.0,22.0,65.0,-60.0
2486453,22,981525,FLEXICAR FUENLABRADA,AWAY,78.9,76.7,93.8,130.0,-36.2,48.1,46.4,12.5,22.5,73.3,44.3,1.0,26.1,200,12000.0,74.0,20.0,42.0,8.0,27.0,28.0,69.0,10.0,18.0,9.0,22.0,31.0,11.0,11.0,7.0,0.0,4.0,15.0,22.0,70.0,-115.0
2486453,22,981343,SÚPER AGROPAL PALENCIA,HOME,74.6,76.7,130.0,93.8,36.2,65.9,67.2,10.9,26.7,77.5,55.7,2.3,22.4,200,12000.0,97.0,21.0,34.0,16.0,33.0,37.0,67.0,7.0,15.0,8.0,31.0,39.0,21.0,9.0,9.0,4.0,0.0,22.0,15.0,116.0,115.0
2486454,22,981125,CAJA RURAL CB ZAMORA,HOME,77.6,78.5,90.3,127.3,-37.0,48.2,41.1,14.2,18.4,65.5,38.8,0.7,38.7,200,12000.0,70.0,21.0,43.0,3.0,19.0,24.0,62.0,19.0,24.0,7.0,19.0,26.0,8.0,12.0,8.0,1.0,5.0,20.0,20.0,58.0,-155.0
2486454,22,981203,INVEREADY GIPUZKOA,AWAY,79.4,78.5,127.3,90.3,37.0,67.0,63.4,15.7,34.5,81.6,61.2,1.4,28.4,200,12000.0,101.0,20.0,40.0,15.0,27.0,35.0,67.0,16.0,19.0,10.0,31.0,41.0,19.0,14.0,9.0,5.0,1.0,20.0,20.0,126.0,155.0
2486455,22,979907,GRUPO ALEGA CANTABRIA,AWAY,78.5,76.5,98.1,111.4,-13.3,56.2,51.6,20.8,29.6,71.4,55.1,0.7,27.9,200,12000.0,77.0,21.0,35.0,7.0,26.0,28.0,61.0,14.0,17.0,8.0,30.0,38.0,13.0,18.0,7.0,2.0,1.0,20.0,19.0,82.0,-30.0
2486455,22,979769,MELILLA CIUDAD DEL DEPORTE,HOME,74.5,76.4,111.4,98.1,13.3,52.9,50.7,9.3,28.6,70.4,44.9,2.6,23.9,200,12000.0,83.0,21.0,42.0,10.0,29.0,31.0,71.0,11.0,17.0,12.0,19.0,31.0,21.0,8.0,9.0,1.0,2.0,19.0,19.0,91.0,30.0
2486456,23,981214,FIBWI MALLORCA BASQUET PALMA,HOME,73.6,74.9,92.4,95.6,-3.2,52.6,50.9,20.8,25.0,70.0,46.8,0.9,25.9,200,12000.0,68.0,22.0,40.0,5.0,18.0,27.0,58.0,9.0,15.0,8.0,21.0,29.0,16.0,17.0,12.0,4.0,2.0,24.0,19.0,70.0,-25.0
2486456,23,979907,GRUPO ALEGA CANTABRIA,AWAY,76.3,75.0,95.6,92.4,3.2,54.2,45.5,21.1,30.0,75.0,53.2,0.8,50.9,200,12000.0,73.0,16.0,31.0,6.0,24.0,22.0,55.0,23.0,28.0,9.0,24.0,33.0,15.0,18.0,11.0,2.0,4.0,19.0,24.0,83.0,25.0
2486457,23,979920,GRUPO URETA TIZONA BURGOS,AWAY,76.7,78.0,93.9,110.7,-16.8,44.6,45.1,12.9,36.4,47.4,41.5,1.3,31.0,200,12000.0,72.0,17.0,39.0,10.0,32.0,27.0,71.0,8.0,22.0,16.0,18.0,34.0,16.0,12.0,6.0,1.0,2.0,33.0,23.0,49.0,-80.0
2486457,23,981215,PALMER BASKET MALLORCA PALMA,HOME,79.5,78.1,110.7,93.9,16.8,51.5,42.5,14.1,52.6,63.6,58.5,0.9,62.7,200,12000.0,88.0,18.0,39.0,7.0,28.0,25.0,67.0,31.0,42.0,20.0,28.0,48.0,13.0,14.0,6.0,2.0,1.0,23.0,31.0,98.0,80.0
2486458,23,979989,HLA ALICANTE,AWAY,72.2,75.5,102.4,105.4,-3.0,50.5,46.1,9.8,22.0,86.7,49.3,1.6,32.8,200,12000.0,74.0,13.0,36.0,11.0,28.0,24.0,64.0,15.0,21.0,9.0,26.0,35.0,13.0,8.0,3.0,4.0,2.0,26.0,21.0,70.0,-45.0
2486458,23,980004,LEYMA CORUÑA,HOME,78.8,75.5,105.4,102.4,3.0,54.1,48.4,7.2,13.3,78.0,50.7,3.0,45.3,200,12000.0,83.0,22.0,39.0,6.0,25.0,28.0,64.0,21.0,29.0,4.0,32.0,36.0,18.0,6.0,6.0,2.0,4.0,22.0,26.0,99.0,45.0
2486459,23,981493,CLOUD.GAL OURENSE BALONCESTO,AWAY,74.2,73.8,106.4,110.6,-4.2,56.2,50.8,16.6,37.0,70.3,56.2,0.7,34.4,200,12000.0,79.0,22.0,46.0,6.0,15.0,28.0,61.0,17.0,21.0,10.0,26.0,36.0,10.0,14.0,7.0,2.0,5.0,23.0,18.0,78.0,-10.0
2486459,23,981203,INVEREADY GIPUZKOA,HOME,73.2,73.8,110.6,106.4,4.2,54.6,47.7,11.9,29.7,63.0,43.8,1.7,32.3,200,12000.0,81.0,19.0,35.0,8.0,30.0,27.0,65.0,19.0,21.0,11.0,17.0,28.0,17.0,10.0,6.0,5.0,2.0,19.0,23.0,91.0,10.0
2486460,23,981300,HESTIA MENORCA,AWAY,68.9,66.8,113.2,131.2,-18.0,52.1,45.5,10.7,42.9,67.9,54.0,0.6,26.9,200,12000.0,78.0,17.0,36.0,9.0,31.0,26.0,67.0,17.0,18.0,15.0,19.0,34.0,5.0,9.0,5.0,0.0,3.0,24.0,19.0,66.0,-35.0
2486460,23,981431,MOVISTAR ESTUDIANTES,HOME,64.8,66.9,131.2,113.2,18.0,66.6,60.9,13.6,32.1,57.1,46.0,1.4,36.4,200,12000.0,85.0,11.0,24.0,15.0,31.0,26.0,55.0,18.0,20.0,9.0,20.0,29.0,14.0,10.0,4.0,3.0,0.0,20.0,24.0,98.0,35.0
2486461,23,981525,FLEXICAR FUENLABRADA,HOME,74.5,76.1,103.4,124.9,-21.5,59.7,54.4,21.8,29.6,73.3,52.6,1.0,29.8,200,12000.0,77.0,16.0,28.0,10.0,29.0,26.0,57.0,15.0,17.0,8.0,22.0,30.0,18.0,18.0,6.0,1.0,1.0,22.0,18.0,77.0,-100.0
2486461,23,981421,MONBUS OBRADOIRO,AWAY,77.6,76.0,124.9,103.4,21.5,63.3,58.7,10.5,26.7,70.4,47.4,2.6,49.2,200,12000.0,97.0,22.0,40.0,10.0,23.0,32.0,63.0,23.0,31.0,8.0,19.0,27.0,23.0,9.0,13.0,1.0,1.0,19.0,22.0,116.0,100.0
2486462,23,981124,ALIMERKA OVIEDO BALONCESTO,HOME,77.8,78.8,118.2,100.3,17.9,57.6,49.2,10.1,31.4,81.8,55.9,1.4,56.2,200,12000.0,92.0,18.0,25.0,9.0,39.0,27.0,64.0,29.0,36.0,11.0,27.0,38.0,13.0,9.0,6.0,2.0,2.0,24.0,30.0,104.0,60.0
2486462,23,981251,GRUPO CAESA SEGUROS FC CARTAGENA CB,AWAY,79.8,78.8,100.3,118.2,-17.9,56.5,52.6,17.5,18.2,68.6,44.1,0.7,50.0,200,12000.0,80.0,23.0,40.0,5.0,18.0,28.0,58.0,19.0,29.0,6.0,24.0,30.0,10.0,15.0,5.0,2.0,2.0,30.0,24.0,66.0,-60.0
2486463,23,981125,CAJA RURAL CB ZAMORA,AWAY,73.0,75.4,90.4,99.0,-8.6,52.3,48.2,24.1,32.3,61.8,47.7,0.6,28.6,200,12000.0,66.0,15.0,33.0,8.0,23.0,23.0,56.0,12.0,16.0,10.0,21.0,31.0,12.0,20.0,6.0,4.0,1.0,21.0,16.0,57.0,-55.0
2486463,23,981343,SÚPER AGROPAL PALENCIA,HOME,77.8,75.5,99.0,90.4,8.6,48.9,45.7,13.2,38.2,67.7,52.3,1.2,28.6,200,12000.0,77.0,23.0,44.0,6.0,26.0,29.0,70.0,13.0,20.0,13.0,21.0,34.0,15.0,12.0,14.0,1.0,4.0,17.0,21.0,85.0,55.0
2486465,24,981214,FIBWI MALLORCA BASQUET PALMA,HOME,91.5,71.8,111.5,118.1,-6.6,52.3,51.7,6.7,27.7,58.3,43.2,1.9,18.9,250,15000.0,102.0,27.0,50.0,13.0,40.0,40.0,90.0,9.0,17.0,13.0,28.0,41.0,13.0,7.0,9.0,1.0,1.0,25.0,20.0,96.0,-10.0
2486465,24,979989,HLA ALICANTE,AWAY,88.1,71.9,118.1,111.5,6.6,54.1,48.2,11.1,41.7,72.3,56.8,0.6,39.0,250,15000.0,104.0,23.0,49.0,11.0,33.0,34.0,82.0,25.0,32.0,20.0,34.0,54.0,7.0,12.0,5.0,1.0,1.0,20.0,25.0,109.0,10.0
2486466,24,981300,HESTIA MENORCA,HOME,68.0,66.5,130.8,113.9,16.9,64.5,61.3,12.7,40.7,69.2,54.7,2.3,25.8,200,12000.0,89.0,17.0,29.0,14.0,33.0,31.0,62.0,13.0,16.0,11.0,18.0,29.0,23.0,10.0,5.0,2.0,1.0,24.0,18.0,98.0,75.0
2486466,24,981215,PALMER BASKET MALLORCA PALMA,AWAY,65.0,66.5,113.9,130.8,-16.9,57.8,49.0,12.3,30.8,59.3,45.3,1.6,69.4,200,12000.0,74.0,15.0,32.0,6.0,17.0,21.0,49.0,26.0,34.0,8.0,16.0,24.0,14.0,9.0,4.0,1.0,2.0,18.0,24.0,78.0,-75.0
2486467,24,979920,GRUPO URETA TIZONA BURGOS,HOME,71.9,72.8,102.9,123.5,-20.6,56.1,50.0,14.3,15.2,62.5,41.1,1.5,31.0,200,12000.0,74.0,14.0,28.0,10.0,30.0,24.0,58.0,16.0,18.0,5.0,25.0,30.0,17.0,11.0,5.0,1.0,0.0,21.0,22.0,81.0,-85.0
2486467,24,981343,SÚPER AGROPAL PALENCIA,AWAY,73.7,72.9,123.5,102.9,20.6,55.7,52.8,7.9,37.5,84.8,58.9,2.0,30.6,200,12000.0,91.0,17.0,35.0,14.0,37.0,31.0,72.0,15.0,22.0,15.0,28.0,43.0,14.0,7.0,5.0,0.0,1.0,22.0,20.0,96.0,85.0
2486468,24,981251,GRUPO CAESA SEGUROS FC CARTAGENA CB,AWAY,73.0,74.8,67.2,132.1,-64.9,37.7,34.4,18.8,15.9,63.3,35.1,1.1,14.8,200,12000.0,49.0,6.0,32.0,10.0,29.0,16.0,61.0,7.0,9.0,7.0,19.0,26.0,16.0,15.0,6.0,2.0,3.0,21.0,18.0,34.0,-260.0
2486468,24,981421,MONBUS OBRADOIRO,HOME,76.5,74.8,132.1,67.2,64.9,66.0,63.0,12.6,36.7,84.1,64.9,2.5,24.6,200,12000.0,101.0,27.0,44.0,11.0,25.0,38.0,69.0,14.0,17.0,11.0,37.0,48.0,27.0,11.0,7.0,3.0,2.0,18.0,21.0,144.0,260.0
2486469,24,981525,FLEXICAR FUENLABRADA,AWAY,73.7,70.7,100.4,132.9,-32.5,55.5,52.6,17.4,24.1,57.7,40.0,0.6,38.6,200,12000.0,74.0,21.0,40.0,6.0,17.0,27.0,57.0,14.0,22.0,7.0,15.0,22.0,9.0,14.0,7.0,0.0,3.0,14.0,18.0,64.0,-80.0
2486469,24,981203,INVEREADY GIPUZKOA,HOME,67.7,70.7,132.9,100.4,32.5,66.5,64.5,14.0,42.3,75.9,60.0,1.9,21.0,200,12000.0,90.0,22.0,33.0,12.0,29.0,34.0,62.0,10.0,13.0,11.0,22.0,33.0,21.0,11.0,7.0,3.0,0.0,18.0,14.0,108.0,80.0
2486470,24,981493,CLOUD.GAL OURENSE BALONCESTO,HOME,70.0,69.5,84.2,107.1,-22.9,37.8,34.5,14.3,50.0,58.8,53.9,0.9,22.5,200,12000.0,59.0,17.0,48.0,5.0,23.0,22.0,71.0,10.0,16.0,21.0,20.0,41.0,12.0,13.0,5.0,1.0,5.0,24.0,23.0,49.0,-75.0
2486470,24,980004,LEYMA CORUÑA,AWAY,69.1,69.5,107.1,84.2,22.9,54.3,47.4,18.0,41.2,50.0,46.1,0.8,39.7,200,12000.0,74.0,17.0,37.0,7.0,21.0,24.0,58.0,19.0,23.0,14.0,21.0,35.0,12.0,15.0,9.0,5.0,1.0,23.0,23.0,82.0,75.0
2486472,24,981125,CAJA RURAL CB ZAMORA,HOME,78.0,74.9,96.2,119.8,-23.6,48.1,44.0,13.3,28.6,64.5,43.8,1.0,37.3,200,12000.0,75.0,13.0,40.0,11.0,27.0,24.0,67.0,16.0,25.0,12.0,20.0,32.0,12.0,12.0,7.0,1.0,2.0,22.0,21.0,62.0,-55.0
2486472,24,981431,MOVISTAR ESTUDIANTES,AWAY,71.8,74.9,119.8,96.2,23.6,61.6,54.1,15.7,35.5,71.4,56.2,1.1,32.8,200,12000.0,86.0,12.0,27.0,14.0,34.0,26.0,61.0,20.0,20.0,11.0,30.0,41.0,14.0,13.0,6.0,2.0,1.0,21.0,21.0,101.0,55.0
2486473,24,981124,ALIMERKA OVIEDO BALONCESTO,AWAY,75.8,74.9,114.8,106.9,7.9,58.2,56.1,13.8,31.4,82.6,51.7,1.2,30.3,200,12000.0,87.0,19.0,33.0,12.0,33.0,31.0,66.0,13.0,20.0,11.0,19.0,30.0,14.0,12.0,14.0,1.0,1.0,22.0,20.0,90.0,40.0
2486473,24,979769,MELILLA CIUDAD DEL DEPORTE,HOME,73.9,74.9,106.9,114.8,-7.9,63.8,62.0,20.5,17.4,68.6,48.3,0.8,33.3,200,12000.0,79.0,20.0,32.0,9.0,22.0,29.0,54.0,12.0,18.0,4.0,24.0,28.0,12.0,16.0,5.0,1.0,1.0,20.0,22.0,80.0,-40.0
2486474,25,979989,HLA ALICANTE,HOME,68.8,71.0,116.3,140.9,-24.6,60.8,56.1,13.2,29.2,53.8,42.0,1.7,35.1,200,12000.0,80.0,14.0,23.0,12.0,34.0,26.0,57.0,16.0,20.0,7.0,14.0,21.0,17.0,10.0,4.0,2.0,1.0,24.0,24.0,79.0,-115.0
2486474,25,981421,MONBUS OBRADOIRO,AWAY,73.1,71.0,140.9,116.3,24.6,67.7,65.9,10.6,46.2,70.8,58.0,2.9,34.8,200,12000.0,103.0,30.0,48.0,9.0,18.0,39.0,66.0,16.0,23.0,12.0,17.0,29.0,26.0,9.0,8.0,1.0,2.0,24.0,24.0,124.0,115.0
2486475,25,979907,GRUPO ALEGA CANTABRIA,AWAY,79.0,78.8,105.1,109.3,-4.2,57.6,49.2,19.1,35.7,84.4,61.7,1.2,41.0,200,12000.0,83.0,15.0,29.0,10.0,32.0,25.0,61.0,23.0,25.0,10.0,27.0,37.0,21.0,17.0,6.0,1.0,3.0,21.0,21.0,93.0,-15.0
2486475,25,981215,PALMER BASKET MALLORCA PALMA,HOME,78.7,78.9,109.3,105.1,4.2,57.6,52.3,10.8,15.6,64.3,38.3,2.1,33.8,200,12000.0,86.0,19.0,36.0,10.0,29.0,29.0,65.0,18.0,22.0,5.0,18.0,23.0,19.0,9.0,8.0,3.0,1.0,21.0,21.0,90.0,15.0
2486476,25,981214,FIBWI MALLORCA BASQUET PALMA,AWAY,73.4,72.4,89.9,126.2,-36.3,48.9,38.4,19.2,31.2,57.7,43.1,0.8,46.4,200,12000.0,66.0,11.0,28.0,7.0,28.0,18.0,56.0,23.0,26.0,10.0,15.0,25.0,13.0,16.0,4.0,1.0,3.0,28.0,23.0,47.0,-120.0
2486476,25,981431,MOVISTAR ESTUDIANTES,HOME,71.3,72.4,126.2,89.9,36.3,62.2,58.3,12.1,42.3,68.8,56.9,2.0,46.7,200,12000.0,90.0,23.0,30.0,8.0,30.0,31.0,60.0,20.0,28.0,11.0,22.0,33.0,20.0,10.0,11.0,3.0,1.0,23.0,27.0,114.0,120.0
2486477,25,981525,FLEXICAR FUENLABRADA,HOME,72.8,71.6,107.2,100.6,6.6,55.1,46.6,12.4,26.7,89.3,56.9,1.6,50.0,200,12000.0,78.0,12.0,37.0,10.0,21.0,22.0,58.0,24.0,29.0,8.0,25.0,33.0,16.0,10.0,5.0,3.0,3.0,20.0,25.0,89.0,35.0
2486477,25,981300,HESTIA MENORCA,AWAY,70.6,71.8,100.6,107.2,-6.6,57.6,54.5,16.3,10.7,73.3,43.1,1.0,27.3,200,12000.0,71.0,15.0,27.0,10.0,28.0,25.0,55.0,11.0,15.0,3.0,22.0,25.0,12.0,12.0,2.0,3.0,3.0,25.0,20.0,62.0,-35.0
2486478,25,981251,GRUPO CAESA SEGUROS FC CARTAGENA CB,HOME,72.8,74.9,112.6,88.5,24.1,59.6,57.5,17.9,37.9,75.0,59.4,1.2,33.3,200,12000.0,82.0,18.0,24.0,11.0,36.0,29.0,60.0,13.0,20.0,11.0,30.0,41.0,18.0,15.0,7.0,6.0,0.0,22.0,20.0,99.0,70.0
2486478,25,979769,MELILLA CIUDAD DEL DEPORTE,AWAY,76.8,74.8,88.5,112.6,-24.1,47.4,43.7,17.3,25.0,62.1,40.6,0.9,31.7,200,12000.0,68.0,8.0,25.0,13.0,38.0,21.0,63.0,13.0,20.0,10.0,18.0,28.0,14.0,15.0,8.0,0.0,6.0,20.0,22.0,56.0,-70.0
2486479,25,981493,CLOUD.GAL OURENSE BALONCESTO,HOME,72.0,74.0,109.7,101.4,8.3,55.6,52.3,13.4,28.6,73.9,46.6,1.2,25.0,200,12000.0,79.0,20.0,44.0,9.0,20.0,29.0,64.0,12.0,16.0,10.0,17.0,27.0,13.0,11.0,8.0,2.0,0.0,21.0,21.0,79.0,10.0
2486479,25,979920,GRUPO URETA TIZONA BURGOS,AWAY,75.9,74.0,101.4,109.7,-8.3,60.2,56.2,22.0,26.1,71.4,53.4,0.9,32.1,200,12000.0,77.0,24.0,33.0,5.0,23.0,29.0,56.0,14.0,18.0,6.0,25.0,31.0,17.0,18.0,5.0,0.0,2.0,21.0,21.0,81.0,-10.0
2486480,25,981124,ALIMERKA OVIEDO BALONCESTO,HOME,75.4,73.6,119.3,98.7,20.6,55.3,52.1,11.9,45.9,64.3,53.8,1.9,37.1,200,12000.0,90.0,23.0,39.0,9.0,31.0,32.0,70.0,17.0,26.0,17.0,18.0,35.0,21.0,11.0,9.0,0.0,3.0,19.0,19.0,97.0,95.0
2486480,25,981203,INVEREADY GIPUZKOA,AWAY,71.9,73.7,98.7,119.3,-20.6,56.4,51.8,23.2,35.7,54.1,46.2,0.7,32.7,200,12000.0,71.0,18.0,33.0,7.0,22.0,25.0,55.0,14.0,18.0,10.0,20.0,30.0,14.0,19.0,8.0,3.0,0.0,20.0,19.0,72.0,-95.0
2486481,25,980004,LEYMA CORUÑA,AWAY,75.7,76.3,115.0,128.7,-13.7,62.4,56.7,19.6,40.7,47.8,44.0,1.0,36.7,200,12000.0,87.0,13.0,28.0,14.0,32.0,27.0,60.0,19.0,22.0,11.0,11.0,22.0,17.0,17.0,7.0,1.0,0.0,18.0,21.0,84.0,-60.0
2486481,25,981343,SÚPER AGROPAL PALENCIA,HOME,76.9,76.3,128.7,115.0,13.7,67.0,63.6,16.9,52.2,59.3,56.0,1.1,27.3,200,12000.0,99.0,24.0,35.0,12.0,31.0,36.0,66.0,15.0,18.0,12.0,16.0,28.0,16.0,15.0,11.0,0.0,1.0,21.0,16.0,101.0,60.0
2486483,26,981124,ALIMERKA OVIEDO BALONCESTO,AWAY,76.2,74.7,124.6,94.6,30.0,59.2,57.0,8.0,34.4,81.8,58.5,2.7,29.6,200,12000.0,95.0,21.0,40.0,13.0,31.0,34.0,71.0,14.0,21.0,11.0,27.0,38.0,19.0,7.0,9.0,2.0,2.0,24.0,20.0,108.0,130.0
2486483,26,981214,FIBWI MALLORCA BASQUET PALMA,HOME,72.9,74.6,94.6,124.6,-30.0,53.1,50.0,17.7,18.2,65.6,41.5,0.9,31.6,200,12000.0,69.0,21.0,39.0,5.0,18.0,26.0,57.0,12.0,18.0,6.0,21.0,27.0,13.0,14.0,6.0,2.0,2.0,20.0,24.0,70.0,-130.0
2486484,26,979920,GRUPO URETA TIZONA BURGOS,AWAY,86.6,85.4,97.0,124.7,-27.7,52.1,47.9,15.7,26.5,60.0,43.5,1.0,34.3,200,12000.0,84.0,23.0,43.0,7.0,27.0,30.0,70.0,17.0,24.0,9.0,21.0,30.0,15.0,15.0,7.0,3.0,1.0,26.0,23.0,74.0,-105.0
2486484,26,980004,LEYMA CORUÑA,HOME,84.2,85.4,124.7,97.0,27.7,63.1,57.9,15.3,40.0,73.5,56.5,1.7,42.9,200,12000.0,105.0,21.0,43.0,13.0,27.0,34.0,70.0,24.0,30.0,14.0,25.0,39.0,26.0,15.0,11.0,1.0,3.0,23.0,26.0,128.0,105.0
2486485,26,981421,MONBUS OBRADOIRO,HOME,75.5,75.3,117.9,106.4,11.5,64.0,62.1,20.6,46.2,85.7,66.7,1.2,27.4,200,12000.0,89.0,16.0,32.0,15.0,30.0,31.0,62.0,12.0,17.0,12.0,24.0,36.0,21.0,18.0,7.0,1.0,2.0,19.0,19.0,100.0,45.0
2486485,26,981215,PALMER BASKET MALLORCA PALMA,AWAY,75.2,75.3,106.4,117.9,-11.5,61.4,59.3,17.7,14.3,53.8,33.3,1.3,23.7,200,12000.0,80.0,17.0,33.0,12.0,26.0,29.0,59.0,10.0,14.0,4.0,14.0,18.0,18.0,14.0,13.0,2.0,1.0,19.0,19.0,83.0,-45.0
2486486,26,981203,INVEREADY GIPUZKOA,HOME,70.5,70.0,80.9,102.1,-21.2,35.9,34.0,11.2,40.4,78.1,55.7,1.5,23.6,200,12000.0,57.0,14.0,39.0,7.0,33.0,21.0,72.0,8.0,17.0,19.0,25.0,44.0,15.0,10.0,7.0,5.0,4.0,22.0,21.0,57.0,-70.0
2486486,26,981343,SÚPER AGROPAL PALENCIA,AWAY,69.6,70.1,102.1,80.9,21.2,53.3,47.3,13.1,21.9,59.6,44.3,0.7,42.9,200,12000.0,71.0,7.0,28.0,13.0,28.0,20.0,56.0,18.0,24.0,7.0,28.0,35.0,7.0,10.0,2.0,4.0,5.0,21.0,22.0,68.0,70.0
2486487,26,981251,GRUPO CAESA SEGUROS FC CARTAGENA CB,HOME,70.2,72.1,111.2,104.0,7.2,55.6,53.1,12.5,32.3,74.4,55.7,1.5,21.9,200,12000.0,78.0,22.0,36.0,8.0,28.0,30.0,64.0,10.0,14.0,10.0,29.0,39.0,15.0,10.0,4.0,1.0,1.0,22.0,20.0,87.0,5.0
2486487,26,979989,HLA ALICANTE,AWAY,74.0,72.1,104.0,111.2,-7.2,53.4,50.8,14.3,25.6,67.7,44.3,1.2,24.6,200,12000.0,77.0,12.0,34.0,14.0,31.0,26.0,65.0,11.0,16.0,10.0,21.0,31.0,15.0,12.0,3.0,1.0,1.0,20.0,21.0,72.0,-5.0
2486488,26,979907,GRUPO ALEGA CANTABRIA,HOME,70.8,71.3,113.0,108.6,4.4,59.0,56.8,12.9,23.3,67.6,46.9,1.4,33.9,200,12000.0,80.0,26.0,36.0,5.0,23.0,31.0,59.0,13.0,20.0,7.0,23.0,30.0,14.0,10.0,6.0,1.0,0.0,20.0,22.0,88.0,10.0
2486488,26,981431,MOVISTAR ESTUDIANTES,AWAY,71.8,71.3,108.6,113.0,-4.4,55.1,50.0,14.5,32.4,76.7,53.1,1.2,32.3,200,12000.0,78.0,19.0,36.0,8.0,26.0,27.0,62.0,16.0,20.0,11.0,23.0,34.0,15.0,12.0,4.0,0.0,1.0,22.0,20.0,78.0,-10.0
2486489,26,981125,CAJA RURAL CB ZAMORA,HOME,75.8,75.8,95.0,88.4,6.6,48.1,44.7,11.8,27.3,60.0,46.2,1.6,30.3,200,12000.0,72.0,28.0,51.0,1.0,15.0,29.0,66.0,13.0,20.0,9.0,27.0,36.0,16.0,10.0,8.0,2.0,3.0,23.0,24.0,81.0,25.0
2486489,26,981300,HESTIA MENORCA,AWAY,75.8,75.8,88.4,95.0,-6.6,40.5,34.3,11.7,40.0,72.7,53.8,1.3,41.4,200,12000.0,67.0,12.0,35.0,8.0,35.0,20.0,70.0,19.0,29.0,18.0,24.0,42.0,14.0,11.0,7.0,3.0,2.0,24.0,23.0,61.0,-25.0
2486490,26,981525,FLEXICAR FUENLABRADA,AWAY,74.2,76.0,103.8,108.1,-4.3,57.3,58.2,15.2,14.7,68.9,45.6,1.6,23.0,200,12000.0,77.0,19.0,30.0,11.0,31.0,30.0,61.0,6.0,14.0,5.0,31.0,36.0,19.0,12.0,2.0,4.0,2.0,20.0,19.0,86.0,-35.0
2486490,26,979769,MELILLA CIUDAD DEL DEPORTE,HOME,77.7,75.9,108.1,103.8,4.3,48.5,42.9,5.5,31.1,85.3,54.4,3.6,28.6,200,12000.0,84.0,18.0,43.0,10.0,34.0,28.0,77.0,18.0,22.0,14.0,29.0,43.0,18.0,5.0,11.0,2.0,4.0,19.0,20.0,101.0,35.0
